2457200,nan,0,0
2542200,-10018.755824990678,0.7999999999999972,0,0
1018200,-10018.755824990678,0.6499999999999986,0,0
562400,-10018.755824990678,0.95,0,0
278500,-10018.755824990678,0.6200000000000003,0,0
236700,32309.766434364563,0.20999999999999802,0,0
169700,-12341.350201768186,-0.24000000000000343,0,0
55700,-14950.34146597174,-0.08000000000000257,0,0
64600,1251.796209459144,0.12000000000000029,0,0
108600,-13829.862288928574,0.7500000000000014,0,0
90900,-33225.62353365566,1.0600000000000023,0,0
533700,-3883.4344872284987,1.1500000000000015,0,0
141300,-9102.207107251736,1.2300000000000013,0,0
888800,3907.979927002536,0.7599999999999995,0,0
238000,15526.912643716529,-0.06000000000000086,0,0
120200,11536.494497124571,-0.4900000000000006,0,0
90300,-8964.844901949044,-0.55,0,0
15200,-12904.335058642857,-0.09999999999999859,0,0
73300,-3893.9161044906355,0.3899999999999992,0,0
57000,0.0,0.5299999999999997,0,0
178700,18082.358983458667,0.00999999999999801,0,0
107500,7680.737081623867,-0.48000000000000115,0,0
145000,3825.088517964481,-0.6599999999999995,0,0
28400,-1273.9029886326136,-0.5299999999999997,0,0
313800,-15375.225886916865,0.06000000000000086,0,0
388500,-39170.597280677735,0.9299999999999997,0,0
425000,9235.390738905558,1.1399999999999992,0,0
109000,-18530.28279486679,1.2100000000000009,0,0
23600,1331.5137455451875,0.7899999999999991,0,0
32400,34194.919883596245,-0.2700000000000003,0,0
215000,6484.033570198555,-0.6299999999999998,0,0
23200,-16919.486236508517,-0.6900000000000006,0,0
91700,16919.486236508517,-0.5399999999999991,0,0
27200,-15610.919216284103,0.14000000000000057,0,0
9300,9126.885646085548,0.09000000000000058,0,0
5800,0.0,-0.10999999999999943,0,0
26000,-24908.574913861336,0.41000000000000086,0,0
51200,-21314.441846785216,0.75,0,0
259600,18667.29424008451,0.7699999999999989,0,0
32500,18428.836874476496,0.15999999999999945,0,0
104000,2613.578687411966,-0.5600000000000008,0,0
12800,-1306.197500625217,-0.7400000000000007,0,0
59600,5217.7092710188335,-0.3899999999999992,0,0
118700,6495.7112927706,-0.22999999999999973,0,0
31100,5175.593141355961,-0.32999999999999974,0,0
8800,-5175.593141355961,-0.26999999999999885,0,0
15200,-16950.06892993689,0.15999999999999945,0,0
14600,2620.700159136291,0.3899999999999992,0,0
27200,-26423.72474434218,0.8099999999999995,0,0
28100,3994.543505025483,0.7399999999999992,0,0
57100,6633.092332446467,0.37000000000000033,0,0
17100,2644.721255564697,0.12000000000000029,0,0
19300,-3968.902202946545,-0.21000000000000085,0,0
24900,-11972.641666075035,0.10999999999999943,0,0
21400,4001.9305574956475,0.26000000000000084,0,0
42300,-21473.06678390226,0.5600000000000008,0,0
71800,9433.817160988234,0.4299999999999997,0,0
34900,-20291.403993076605,0.509999999999998,0,0
163400,13559.26372815386,0.35999999999999804,0,0
15500,-2701.676896065486,0.05,0,0
26200,26791.764202884315,-0.3399999999999992,0,0
75600,-5318.697418982055,-0.659999999999998,0,0
30800,-24179.812495125574,-0.0799999999999983,0,0
45000,-13610.431518653599,0.46000000000000085,0,0
55900,-22047.344690336424,1.2399999999999993,0,0
34900,6926.057665674001,1.0399999999999978,0,0
35800,-8315.268212005123,0.65,0,0
22900,-1390.5495446548955,0.37000000000000033,0,0
45300,-29515.49204105941,0.5300000000000026,0,0
66600,-30131.97134115497,1.2000000000000015,0,0
37600,11553.175181170162,1.1200000000000003,0,0
205000,-70900.04314246646,1.7720000000000014,0,0
159200,-18550.92960728033,1.8670000000000002,0,0
128600,-19568.01186704027,1.9030000000000002,0,0
109100,-47305.7147783571,2.308999999999999,0,0
111600,-23432.69446512242,1.8149999999999993,0,0
289000,45544.005574351235,1.0209999999999995,0,0
190000,13668.979852027085,0.00899999999999892,0,0
122100,-11303.000464993218,-0.679000000000002,0,0
203100,14271.02769089572,-0.7950000000000017,0,0
182900,38494.68074530282,-0.7310000000000003,0,0
461000,-13126.600662604736,-0.7069999999999994,0,0
491700,17677.692893791176,-0.9059999999999988,0,0
361300,25224.15871847361,-0.9260000000000006,0,0
289500,4754.9987743966685,-0.7439999999999998,0,0
169000,741.554907556008,-0.8419999999999987,0,0
363400,-9670.072569875287,-0.31700000000000017,0,0
233200,-9585.053695868595,0.24399999999999977,0,0
332800,33859.96585897644,-0.07900000000000205,0,0
270100,26325.42446164976,-0.7239999999999995,0,0
176700,-11140.557605200385,-0.9449999999999975,0,0
229300,2031.9651822289231,-0.795999999999998,0,0
641500,7666.618249065671,-0.2789999999999992,0,0
258100,-29146.345659516017,0.3529999999999987,0,0
238300,-7527.506676399121,0.5150000000000006,0,0
268400,3990.0426051948657,0.5929999999999993,0,0
224900,21386.672073949063,0.17999999999999972,0,0
198800,-5389.991276108397,-0.3429999999999993,0,0
222500,-729.9241445295479,-0.3709999999999994,0,0
386800,20299.56161052926,-0.4459999999999994,0,0
154000,7181.174811577762,-0.43100000000000166,0,0
169900,-33333.462667545886,-0.10000000000000285,0,0
218400,-23949.376349802875,0.583999999999999,0,0
113700,1787.726425644287,1.0519999999999996,0,0
171600,30057.233856179977,0.502000000000001,0,0
154000,2331.157915227422,-0.35599999999999743,0,0
120700,20238.53887980298,-0.9639999999999986,0,0
194000,21373.650792566146,-1.175999999999999,0,0
77400,-2831.5907831624186,-0.8620000000000005,0,0
64100,1416.4900901185717,-0.6900000000000021,0,0
103700,2828.814711987704,-0.30999999999999944,0,0
184200,-2828.814711987704,-0.010000000000000854,0,0
76700,25261.842647411824,-0.38000000000000117,0,0
103900,8323.263706540018,-0.6399999999999992,0,0
101900,-4155.62949131143,-0.6200000000000003,0,0
81900,0.0,-0.4499999999999986,0,0
136900,13805.799525030692,-0.22999999999999973,0,0
42000,-9650.170033719263,-0.1,0,0
64300,-9715.154833211947,0.050000000000001425,0,0
45400,17990.674890714152,-0.04000000000000057,0,0
69500,9595.156781185387,-0.17999999999999972,0,0
120700,-4104.3983327364585,-0.4,0,0
103800,-31861.09895513578,0.07999999999999972,0,0
85200,22238.5141763608,0.3200000000000017,0,0
165900,-4143.693727176156,0.32999999999999974,0,0
131900,-9715.154833211947,0.21000000000000085,0,0
92300,17990.674890714152,-0.28000000000000114,0,0
100500,35321.98189955427,-0.640000000000002,0,0
137900,-2686.583720300284,-0.9900000000000007,0,0
86700,-2691.596006266117,-0.9399999999999992,0,0
173400,-27195.810788076535,2.842170943040401e-15,0,0
127200,-4123.952424729183,0.7600000000000009,0,0
157700,-1377.2746066411655,0.7499999999999987,0,0
55500,-20818.471507554113,0.8199999999999975,0,0
96200,5581.032263298979,0.45999999999999946,0,0
40800,11097.708883331947,0.18999999999999917,0,0
162300,15121.287024662422,-0.27999999999999975,0,0
56100,6821.26585601317,-0.75,0,0
65900,-13674.936897076328,-0.4400000000000006,0,0
169100,8220.50680496833,-0.18999999999999773,0,0
61600,-2734.9677212384904,0.059999999999999436,0,0
47300,6827.722355121857,-0.020000000000001707,0,0
47200,8150.84112086506,-0.3300000000000012,0,0
110000,5408.422607288799,-0.3700000000000017,0,0
68800,-20386.986083275715,-0.1,0,0
813800,12266.72989388966,0.030000000000001137,0,0
177200,14852.396454308802,-0.12000000000000029,0,0
243600,9372.529749236413,-0.4399999999999977,0,0
380200,-9372.529749236413,-0.5799999999999997,0,0
139300,-4035.5132351574953,-0.15999999999999945,0,0
109600,-5398.303925830739,0.24000000000000057,0,0
140500,0.0,0.3499999999999986,0,0
40000,-12220.548710399014,0.3600000000000009,0,0
221300,-12324.949536758111,0.5299999999999984,0,0
135900,10960.69880541517,0.3799999999999997,0,0
173200,-24779.722478471376,0.5699999999999988,0,0
106000,15193.673649273265,0.25999999999999945,0,0
107900,-13805.799525030692,0.25000000000000144,0,0
70000,-11140.557605199498,0.4900000000000006,0,0
21000,12527.097876162685,0.14000000000000198,0,0
25400,6912.782947524399,0.07000000000000171,0,0
23500,1378.5906838670314,-0.27999999999999975,0,0
219700,-1378.5906838670314,-0.3399999999999992,0,0
58900,-36313.699388084155,0.4199999999999989,0,0
150400,14075.18521172335,0.5899999999999992,0,0
118700,20858.604897664,0.2,0,0
99600,-8307.288064033359,-0.11000000000000228,0,0
91500,-35138.00190087046,0.029999999999998295,0,0
102400,-5702.359364183174,0.7099999999999995,0,0
152100,-10033.6870269766,1.1300000000000012,0,0
99100,-5765.022819762322,0.9100000000000009,0,0
80300,20077.591008718977,0.13000000000000114,0,0
190600,19802.00751705752,-0.4400000000000006,0,0
135500,-2812.271925386689,-0.7200000000000003,0,0
45900,12612.275922125882,-0.8200000000000003,0,0
55100,-1395.931449875043,-0.4700000000000003,0,0
25800,-15445.057927438555,0.020000000000000285,0,0
90500,-27073.590325439767,0.5600000000000008,0,0
60700,17158.121460357557,0.6800000000000012,0,0
23100,-22923.14428011988,0.7499999999999987,0,0
23800,10073.722013108189,0.3600000000000009,0,0
73000,25585.41019447258,-0.3300000000000012,0,0
25700,5624.549193878892,-0.5099999999999995,0,0
1174100,-5624.549193878892,-0.7200000000000003,0,0
80600,2815.0156070543276,-0.4,0,0
152400,29230.711323754655,-0.43999999999999917,0,0
151300,27298.733893616147,-1.010000000000001,0,0
68300,-8135.519909660438,-1.1499999999999986,0,0
118300,20253.421641859502,-1.1399999999999992,0,0
37300,-6719.597806368327,-0.5699999999999975,0,0
185600,10736.384737761284,-0.3400000000000006,0,0
27800,5338.378120310239,-0.47000000000000175,0,0
36500,-2666.7198736776145,-0.2200000000000003,0,0
172200,-13408.04298439391,-0.019999999999998866,0,0
28500,-1347.6834617467402,0.30000000000000143,0,0
30000,12084.068199508025,0.18999999999999773,0,0
189300,1336.447562814591,-0.060000000000002274,0,0
48600,6663.730281010416,-0.38000000000000117,0,0
133800,-22783.395644287553,-0.019999999999998866,0,0
35600,5393.2587702183455,0.26000000000000084,0,0
40400,-5393.2587702183455,0.37000000000000033,0,0
147200,-25896.969110286605,0.7199999999999989,0,0
44400,9595.156781185387,0.4700000000000003,0,0
31600,9531.76217265117,0.30000000000000143,0,0
318600,-2716.940616339869,1.4210854715202005e-15,0,0
1573800,1359.1098893890319,-0.30999999999999944,0,0
511800,-9540.767209605505,0.029999999999998295,0,0
51800,-16503.84107478242,0.45999999999999946,0,0
51600,5522.284411043188,0.46999999999999886,0,0
45900,-2758.499962563832,0.4200000000000003,0,0
77500,4135.7745692049975,0.12000000000000029,0,0
37000,-8283.439258941706,0.009999999999999433,0,0
19900,16519.589358706453,-0.11000000000000086,0,0
47500,-31830.534269105647,0.2200000000000003,0,0
39500,11151.321536102543,0.28999999999999915,0,0
39100,-9752.683480956925,0.35000000000000003,0,0
38800,30431.89621396003,-0.010000000000000854,0,0
28400,-2740.162344911923,-0.5700000000000017,0,0
35800,-1372.0353301236444,-0.4399999999999977,0,0
18200,1372.0353301236444,-0.3699999999999989,0,0
33000,-20718.810479077198,0.3400000000000006,0,0
45400,-8371.561445116527,0.5600000000000008,0,0
26500,-11238.18762278006,0.7700000000000004,0,0
38800,2817.764647479848,0.6800000000000012,0,0
66800,-26993.604587281618,0.6800000000000012,0,0
102000,-7188.330969533752,0.7700000000000004,0,0
54700,18615.67816734766,0.4199999999999989,0,0
61700,11337.543934279993,-0.020000000000001707,0,0
31500,-7075.51708012133,-0.4300000000000026,0,0
27500,-12824.040357583222,-0.1700000000000003,0,0
44000,-27599.09423553353,0.6420000000000017,0,0
71700,-6579.981693584536,1.0330000000000013,0,0
100700,52666.30330700295,0.15600000000000167,0,0
31500,-19919.182871015906,-0.30100000000000054,0,0
49800,-24563.25303981366,-0.24800000000000041,0,0
43900,27425.7441393857,-0.18200000000000216,0,0
49600,32516.79631689708,-0.240000000000002,0,0
591400,-8412.23981620054,-0.7999999999999986,0,0
16700,5613.606463526821,-0.9699999999999989,0,0
31400,9771.556742644627,-0.5399999999999991,0,0
32000,-18200.178813225775,0.04999999999999858,0,0
30400,-18432.718096985212,0.35999999999999943,0,0
34300,7117.404869151578,0.540000000000002,0,0
25900,14130.328834887961,0.3000000000000029,0,0
26700,-16973.078603713,0.05,0,0
68600,-8562.01350342456,0.0799999999999983,0,0
47200,-8613.130304708782,0.459999999999998,0,0
31100,-3892.748687062131,0.6539999999999978,0,0
27800,288.71223648252453,0.3769999999999996,0,0
91200,-35804.348107655314,0.6849999999999995,0,0
57300,-2221.2399166789965,0.8130000000000024,0,0
29500,15770.537522483251,0.5620000000000019,0,0
32200,-27376.438931304925,0.5840000000000017,0,0
59600,2089.9973204464573,0.23600000000000138,0,0
29300,2533.7901750486226,0.26500000000000057,0,0
25100,-24631.244423995115,0.6050000000000012,0,0
47100,7102.048060234622,0.3189999999999998,0,0
65000,-15305.242974822164,0.5189999999999984,0,0
48900,-3355.4609585895178,0.5339999999999975,0,0
41900,40947.34909598596,-0.2690000000000026,0,0
40500,1483.4911753300871,-0.5680000000000007,0,0
29700,-22564.75137722358,-0.5,0,0
35300,-18492.45690796142,0.12300000000000183,0,0
692100,-23996.76034115572,1.111,0,0
248600,930.3708668664257,1.124000000000001,0,0
27200,-26753.556546156076,1.0360000000000014,0,0
369600,-4111.596673430639,0.8590000000000004,0,0
372000,24028.459564056524,0.27300000000000185,0,0
369700,2645.2917614658845,-0.0730000000000004,0,0
64200,-36525.876025113925,0.005999999999998807,0,0
73500,-29966.602503875172,0.7109999999999972,0,0
412200,7145.284956958875,1.131999999999998,0,0
35100,52959.09558406198,0.2239999999999995,0,0
59300,-22187.27273531229,-0.47699999999999965,0,0
203000,-36127.466138405674,-0.21400000000000008,0,0
73600,-44749.83720859882,0.974000000000001,0,0
104700,10527.618102883274,1.644,0,0
146300,-3333.7855178885434,1.114,0,0
154600,-14255.167241135958,0.5830000000000013,0,0
297000,-18318.02935356741,0.40500000000000114,0,0
314800,7660.797614878589,0.529000000000002,0,0
282300,-43084.15731570925,0.8590000000000004,0,0
259100,-49289.68335627637,1.384999999999998,0,0
1326900,-41873.416585523235,1.9469999999999985,0,0
503200,-41973.64572731122,2.458999999999999,0,0
169000,82035.76886601116,1.024000000000001,0,0
216000,-12194.681543965302,-0.06400000000000006,0,0
371000,19426.2507750409,-0.8890000000000001,0,0
235200,77926.57868507024,-1.8879999999999997,0,0
135300,7158.099943580076,-1.6030000000000002,0,0
106600,3396.1763350269794,-1.711999999999999,0,0
314500,-37456.85193921044,-0.6379999999999996,0,0
274100,-33992.922496624444,0.8959999999999995,0,0
351800,-48940.328482585115,1.7329999999999999,0,0
116100,46264.54093181387,1.3150000000000006,0,0
383700,22499.66032029693,0.17700000000000105,0,0
111500,44655.11482354945,-1.1219999999999999,0,0
201400,2554.19666755774,-1.6950000000000003,0,0
74800,-3406.601443249002,-1.033,0,0
44500,-31898.351425370565,-0.13100000000000023,0,0
113700,53898.819443884524,-0.04500000000000029,0,0
115800,15036.91130601581,-0.5300000000000011,0,0
79800,-831.2849788572053,-0.8350000000000009,0,0
561200,34345.63519399525,-1.3030000000000002,0,0
102000,-18632.550214885414,-0.5640000000000001,0,0
110100,21066.383735179883,-0.5329999999999998,0,0
73900,15640.434710541662,-0.6569999999999979,0,0
128400,-29323.09157027202,-0.08799999999999955,0,0
511400,9786.5499592249,-0.12600000000000053,0,0
98700,-23600.217950240145,0.4569999999999979,0,0
338200,-23152.9082311166,0.8919999999999988,0,0
46200,1342.6664914097942,0.713000000000001,0,0
58600,-4873.122819295084,0.7390000000000015,0,0
150600,-57344.548275481524,1.0090000000000003,0,0
427300,23797.929358257086,0.7990000000000009,0,0
377400,-18029.588681666377,0.8569999999999993,0,0
74400,25932.903895122374,0.26899999999999835,0,0
646400,11264.44533697768,-0.5439999999999998,0,0
75000,9995.813272765552,-0.5580000000000013,0,0
445100,-1689.3386484015948,-0.6549999999999984,0,0
57600,-33343.76958307494,0.11099999999999995,0,0
72500,3455.558636219713,0.45700000000000074,0,0
54200,1724.6804694606155,0.525,0,0
215800,-26440.29227004907,0.6039999999999979,0,0
261700,-9511.14813493792,0.4939999999999998,0,0
122500,-37595.620227508065,1.0179999999999978,0,0
171200,0.0,1.0959999999999994,0,0
134100,-15500.253819070054,0.9080000000000013,0,0
104500,-20123.655911651105,0.8930000000000021,0,0
130400,28350.412898211274,0.27400000000000235,0,0
79900,23864.672652928577,-0.2289999999999978,0,0
67600,-44612.664941433344,-0.15000000000000144,0,0
147700,-23492.322539291345,0.2829999999999984,0,0
97000,53145.30713706045,0.2730000000000004,0,0
55800,-34469.38237663844,0.3799999999999997,0,0
72500,-15859.077056137316,0.12199999999999989,0,0
187000,-29950.59823496149,0.5590000000000004,0,0
203300,-31368.380631795033,1.4289999999999994,0,0
100800,20408.959990397158,0.9200000000000004,0,0
124100,-38135.12888677195,0.8770000000000011,0,0
202700,42952.14518454671,0.15399999999999922,0,0
1143000,60831.36935883804,-0.9310000000000003,0,0
280600,7724.800673607035,-1.323000000000002,0,0
130400,62813.809534387314,-2.2350000000000025,0,0
111400,-33219.9584748194,-1.4480000000000004,0,0
2584200,31286.87511723438,-0.925,0,0
124000,5791.496902193494,-0.7329999999999999,0,0
114400,25691.795069662683,-0.548999999999998,0,0
97100,-18180.0160650214,-0.684999999999998,0,0
116100,9551.431487091477,-0.3049999999999969,0,0
54900,-19166.520363812724,0.07400000000000091,0,0
114000,27623.038027484447,0.0569999999999979,0,0
71700,-15570.66963148923,-0.07700000000000103,0,0
75800,-11175.616596973192,0.14099999999999965,0,0
120500,10653.688931025585,0.02200000000000131,0,0
62900,-7152.00021947382,0.2710000000000008,0,0
54600,29426.113933219254,-0.2720000000000013,0,0
168100,9222.895410130328,-0.6170000000000002,0,0
64300,8656.705435007516,-0.6920000000000002,0,0
139500,19331.478251934263,-0.8850000000000009,0,0
90500,-33788.313456283526,-0.20600000000000165,0,0
171400,-17195.61526252189,0.3529999999999973,0,0
168400,-25303.434345204325,0.9599999999999995,0,0
364100,6849.499334448339,1.0570000000000008,0,0
239100,2800.670699270036,0.4860000000000014,0,0
305600,34044.93166906786,-0.26899999999999835,0,0
289700,9023.790222819627,-0.8229999999999991,0,0
159700,-13299.965743332365,-0.6259999999999991,0,0
127600,-4976.294697266681,-0.2610000000000014,0,0
69600,27412.626404506034,-0.10700000000000216,0,0
105300,29217.180010939537,-0.590000000000002,0,0
541000,-3143.6684010470726,-0.911999999999999,0,0
76200,2482.4124981499554,-0.8199999999999975,0,0
223400,-27544.334695868143,-0.007999999999996987,0,0
46800,39892.72712351433,0.008000000000001251,0,0
56600,-9210.12274011801,-0.14300000000000068,0,0
142300,4776.867546852693,-0.28000000000000114,0,0
72900,-22874.09080247027,-0.1230000000000004,0,0
91900,-3847.858249052649,0.48499999999999943,0,0
74800,-16341.789601329814,0.6189999999999984,0,0
229100,6255.323154585213,0.5620000000000005,0,0
149700,-34485.65547171256,0.6299999999999998,0,0
97600,24837.7498228054,0.3990000000000009,0,0
93100,2545.184501742348,0.0670000000000016,0,0
837000,-5094.867122763524,-0.01599999999999966,0,0
100500,-22288.067201784223,0.015000000000000568,0,0
256300,34148.222411845454,0.05,0,0
188000,-11519.937064187858,-0.014000000000000058,0,0
253900,-20728.979771470258,0.10600000000000023,0,0
95000,-8827.026167257834,0.2690000000000012,0,0
637900,16742.59610553097,0.4580000000000013,0,0
281100,-6191.095622395615,0.17600000000000052,0,0
275600,-6910.299600840553,-0.0010000000000005115,0,0
60900,1557.7057920239668,0.01599999999999682,0,0
100400,-24423.4739392164,0.44499999999999745,0,0
1168900,7895.583932019612,0.38299999999999845,0,0
211700,3146.174100750798,0.23100000000000165,0,0
221000,40797.173486847525,-0.38299999999999845,0,0
384500,-848.8938408444113,-0.8450000000000003,0,0
275100,30914.8765791738,-1.1000000000000014,0,0
253400,-10510.574106548987,-0.8850000000000009,0,0
100900,-18198.216583535042,-0.13699999999999904,0,0
87600,22211.27909015852,-0.11899999999999977,0,0
117900,4001.9305574956475,0.006000000000000227,0,0
93800,-1332.7437815107146,-0.23600000000000138,0,0
43000,6485.528367133675,-0.39000000000000057,0,0
538200,-14172.789909744133,0.02900000000000205,0,0
76800,-4195.103394708965,0.20400000000000207,0,0
78300,-21160.470882183978,0.5020000000000024,0,0
104800,-24941.399832680843,0.9099999999999995,0,0
70800,-14823.832865643815,1.0299999999999983,0,0
89900,9609.266799826877,0.8299999999999997,0,0
201400,-33114.219920807205,0.7560000000000002,0,0
225500,-27158.68409990918,0.8710000000000022,0,0
320800,13373.443254184103,0.758999999999999,0,0
320800,0.0,0.606999999999998,0,0
58500,-20836.774096548717,0.30999999999999944,0,0
211300,23352.998799732737,-0.061000000000001366,0,0
65300,5377.177454450432,-0.1019999999999996,0,0
295000,6426.269159432784,-0.3189999999999998,0,0
42300,-28782.90062902966,-0.13600000000000137,0,0
308000,-13325.423764224632,0.45799999999999985,0,0
157100,-14190.255317064526,0.7809999999999988,0,0
1213500,11620.568814222132,0.6439999999999998,0,0
107500,-10694.874178105883,0.30400000000000066,0,0
54400,-19565.42473595757,0.34899999999999953,0,0
574800,-2253.03800224097,0.38700000000000045,0,0
349000,24222.49271593824,0.20700000000000074,0,0
62700,32700.66078339884,-0.5019999999999997,0,0
326300,-11606.911458035718,-0.775,0,0
25700,-11517.48974228095,-0.4789999999999992,0,0
321500,19326.16721821656,-0.18899999999999864,0,0
158400,-29456.847498914307,0.32100000000000223,0,0
104800,17271.389901948096,0.10300000000000153,0,0
711900,-19861.507367656017,0.20499999999999974,0,0
22100,16570.186455225234,0.18399999999999894,0,0
76300,5298.993505365779,-0.19200000000000017,0,0
27600,-10801.269590963613,-0.02300000000000182,0,0
40300,-20542.8587374179,0.1319999999999979,0,0
33400,8734.059898104719,0.35799999999999843,0,0
301700,-7802.387252946907,0.39399999999999835,0,0
278600,10023.91219988219,0.09900000000000234,0,0
188300,-35582.28879189951,0.25000000000000144,0,0
781400,-11612.439484466997,0.6140000000000001,0,0
633700,5151.465647229791,0.5909999999999996,0,0
832000,47766.41893072764,-0.028000000000000115,0,0
806600,5517.004967565243,-0.7839999999999976,0,0
1019000,39825.98049318842,-1.3489999999999982,0,0
496500,12975.722040019733,-1.4060000000000004,0,0
1016100,5651.401682338353,-1.0030000000000001,0,0
278700,7033.262148450348,-0.8350000000000009,0,0
384100,30373.649043518468,-0.7120000000000005,0,0
417900,-49798.233118149685,-0.13900000000000148,0,0
224300,16966.84065077836,0.057999999999998414,0,0
153200,-7045.2833987388885,0.2970000000000013,0,0
129400,-2827.775088126927,0.4340000000000018,0,0
66100,-6916.011842588609,0.054000000000002046,0,0
330500,-31629.857726338527,0.5969999999999985,0,0
202100,20745.581563611282,0.4469999999999985,0,0
282300,32759.748476649977,-0.10900000000000176,0,0
157300,-7020.427677772112,-0.4680000000000007,0,0
142200,5093.213176625255,-0.7230000000000004,0,0
279500,175.30773955343193,-0.3390000000000001,0,0
103800,-876.7517990220242,1.4210854715202005e-15,0,0
1992000,-16760.32654757531,0.1440000000000012,0,0
88100,7610.382213502298,0.21200000000000047,0,0
123900,-6014.186172869529,0.23399999999999893,0,0
119500,29649.667841624705,-0.17500000000000002,0,0
101500,9346.827199490093,-0.599000000000001,0,0
128500,-19279.06249488398,-0.37900000000000067,0,0
71600,22209.093451852623,-0.4230000000000018,0,0
99000,-344.40082304687536,-0.15499999999999972,0,0
104700,29153.234481751333,-0.497999999999999,0,0
388600,12100.961316649616,-0.9069999999999994,0,0
121000,-11594.722920595046,-0.5870000000000005,0,0
175400,-20047.191954366106,-0.11500000000000057,0,0
112300,25267.9466468857,0.11900000000000262,0,0
189900,4699.336535820109,-0.010999999999997102,0,0
238800,2343.9404683003318,-0.32299999999999757,0,0
120500,-1673.854510647388,-0.40400000000000064,0,0
223200,20124.379562263428,-0.3100000000000009,0,0
360000,-826.0492873191083,-0.35100000000000053,0,0
157200,9881.511513964548,-0.44800000000000184,0,0
247300,-4932.2955422317345,-0.3469999999999999,0,0
106800,-14898.876379337622,0.09999999999999859,0,0
100000,20651.584250125587,-0.010000000000000854,0,0
102100,17121.758381798634,-0.2549999999999997,0,0
99900,-1621.9170239901714,-0.490000000000002,0,0
124200,-5202.421831815407,-0.4709999999999994,0,0
109600,11356.029943870639,-0.2239999999999995,0,0
82500,-3073.523142266943,-0.05600000000000023,0,0
298300,-34248.10306346693,0.3290000000000006,0,0
251300,-1493.2156318936406,0.5620000000000005,0,0
133100,5963.611829902682,0.6200000000000018,0,0
133400,9556.489074276975,0.22100000000000222,0,0
74000,6063.474196477791,-0.3379999999999996,0,0
113800,28498.606486829558,-0.7090000000000019,0,0
161600,1602.4605011830672,-0.7750000000000015,0,0
173200,-2404.3587158635305,-0.6020000000000025,0,0
168200,21338.262662213838,-0.6049999999999998,0,0
157100,5994.149400668114,-0.4530000000000001,0,0
118200,8631.869889452304,-0.5960000000000009,0,0
177200,20508.17921495618,-0.8109999999999986,0,0
135000,7846.188050247171,-0.7390000000000001,0,0
185000,-3533.1951791652828,-0.6129999999999982,0,0
120400,-19354.932644802146,-0.09799999999999898,0,0
97400,13189.55983908765,0.1719999999999985,0,0
95800,17197.079376821912,-0.05799999999999983,0,0
123900,2897.1320602959595,-0.3789999999999992,0,0
150900,-14236.482313321198,-0.3769999999999996,0,0
214200,29238.645652567284,-0.38599999999999995,0,0
112700,2259.5071821243096,-0.3650000000000006,0,0
119400,-3013.463322036891,-0.39500000000000174,0,0
157400,-22344.245933948238,-0.07500000000000143,0,0
91000,1837.0482629315177,0.4469999999999999,0,0
189400,-25466.79464782997,0.7749999999999986,0,0
133200,3887.6203553872556,0.7030000000000002,0,0
86400,-9347.948736879274,0.5160000000000011,0,0
68700,15546.433205984478,0.23500000000000087,0,0
106500,-12267.756846680022,-0.011999999999999034,0,0
126100,-936.0046008835,0.06899999999999977,0,0
173800,10262.801706208968,-0.07700000000000103,0,0
69100,15871.7316914867,-0.22800000000000012,0,0
64100,-9841.488026891553,-0.36699999999999877,0,0
155000,27509.849134943033,-0.608999999999999,0,0
93100,8302.217758207498,-0.6639999999999987,0,0
130400,-5277.698745039139,-0.5069999999999993,0,0
84300,-18242.96224801447,-0.17999999999999972,0,0
46200,10821.597186887466,0.21299999999999814,0,0
146700,11042.437970419705,0.07099999999999938,0,0
111200,-7251.257355743057,-0.0960000000000008,0,0
70200,-7440.110895993613,-0.11899999999999977,0,0
67600,-18847.009049088647,0.3909999999999997,0,0
66400,14730.900576856775,0.4199999999999989,0,0
74300,-21378.207998030695,0.45700000000000074,0,0
65300,14338.417655254787,0.18899999999999864,0,0
71300,1686.5558485692488,-0.07600000000000051,0,0
49200,-11229.649701397726,0.11199999999999904,0,0
81000,25106.956502142453,-0.3280000000000001,0,0
105800,-1366.5480543929575,-0.2769999999999982,0,0
151200,-8837.829958507904,-0.2029999999999987,0,0
39000,-305.72050143806706,-0.1230000000000004,0,0
107600,3511.880438760606,0.15200000000000102,0,0
93100,-16719.52788023301,0.2709999999999994,0,0
98800,3698.0348114434846,0.21400000000000008,0,0
146700,-25930.857025737274,0.5430000000000007,0,0
98100,1096.3323858454999,0.6329999999999985,0,0
85100,9363.115877452088,0.3120000000000005,0,0
48500,4038.5546466046308,0.08099999999999881,0,0
45800,6808.8275903877,-0.3600000000000009,0,0
48200,16119.665363277136,-0.5399999999999991,0,0
71600,-8574.735738009487,-0.38699999999999907,0,0
38400,8880.03571605811,-0.3509999999999977,0,0
13000,-1068.832698113198,-0.20199999999999962,0,0
51200,16403.067996631828,-0.25700000000000073,0,0
143500,5276.044376768318,-0.4890000000000001,0,0
104200,-150.47666672174387,-0.413000000000001,0,0
99900,6456.365748410242,-0.40399999999999925,0,0
101400,-15059.583933516586,0.0040000000000006255,0,0
58800,-1514.6406019983515,0.19299999999999928,0,0
137800,4841.263069498503,0.18000000000000116,0,0
127700,1962.1319686704553,0.10799999999999842,0,0
52400,10519.697949607831,-0.2549999999999997,0,0
255800,7616.336418540648,-0.41499999999999915,0,0
137100,20850.052924658692,-0.6709999999999994,0,0
230900,4104.815404565087,-0.7719999999999985,0,0
92200,4239.139397935965,-0.6670000000000016,0,0
258000,-7756.837064867739,-0.3470000000000013,0,0
74100,13728.928653766736,-0.17200000000000132,0,0
164600,-10211.230986834962,-0.04099999999999966,0,0
303600,-20493.381294982348,0.3120000000000019,0,0
63500,9471.975203730664,0.3110000000000014,0,0
96300,3977.412648826117,0.3110000000000014,0,0
72500,-7670.004992032631,0.10900000000000035,0,0
69100,22743.184577461052,-0.36299999999999955,0,0
96500,-5104.309234660321,-0.2930000000000007,0,0
113800,18147.346710259528,-0.5060000000000017,0,0
171400,-5203.073308613249,-0.5080000000000012,0,0
136200,-16601.29700973556,0.030999999999998806,0,0
138600,8033.250545747883,0.09000000000000058,0,0
136900,-25124.20049834585,0.5909999999999996,0,0
139000,-12354.337904608492,0.7419999999999988,0,0
103100,-9749.49675493164,0.7819999999999994,0,0
98500,3307.2110866712023,0.7420000000000002,0,0
121500,-8735.417895160857,0.41100000000000136,0,0
72700,28569.152196770807,-0.14399999999999835,0,0
62500,6501.965506921614,-0.5309999999999988,0,0
129300,15690.388875772676,-0.8030000000000002,0,0
97400,6257.727747094322,-0.9209999999999994,0,0
94400,6519.848087590319,-0.6280000000000001,0,0
101000,-5503.712282015627,-0.402000000000001,0,0
98200,3767.965081394209,-0.15900000000000178,0,0
69500,2313.865838247331,-0.0860000000000028,0,0
96300,10223.242330464898,-0.19200000000000017,0,0
107400,6442.211333806292,-0.4029999999999987,0,0
71700,-5008.120717817199,-0.30999999999999944,0,0
63200,5864.912809249389,-0.2540000000000006,0,0
80400,-15644.95851503267,0.10999999999999943,0,0
75000,5473.490147059223,0.19800000000000184,0,0
59800,2011.3258159604186,0.10300000000000296,0,0
123800,-18639.916791701515,0.3200000000000003,0,0
108100,2179.846862794932,0.23900000000000007,0,0
85100,-8154.954820528637,0.4259999999999977,0,0
60700,8300.160903977448,0.26699999999999874,0,0
249700,19040.04294049777,-0.2970000000000013,0,0
77000,6005.875629397472,-0.539,0,0
158100,-4001.1377810129643,-0.5799999999999969,0,0
60500,6567.450418978105,-0.397999999999999,0,0
115800,8804.741624834023,-0.26200000000000045,0,0
94200,-4253.649393647585,-0.20800000000000127,0,0
79100,2553.69431766983,-0.22400000000000092,0,0
126100,6082.256840304723,-0.17399999999999807,0,0
183700,-6507.558776530864,-0.030999999999998806,0,0
98100,-7249.381930288124,0.07500000000000001,0,0
90000,-2710.090843586421,0.2430000000000007,0,0
119200,17313.68359400509,0.05799999999999983,0,0
125300,2255.3126873559036,-0.2390000000000015,0,0
87600,-11170.037495103812,-0.2180000000000021,0,0
140700,-11400.257194813967,0.1049999999999983,0,0
100100,-12212.300027136358,0.6150000000000007,0,0
70800,10207.960062743383,0.5110000000000013,0,0
187600,-10640.876807444854,0.3500000000000014,0,0
65400,865.7036208701286,0.1670000000000016,0,0
95600,24740.28433339903,-0.28400000000000036,0,0
83300,3540.357705247743,-0.43900000000000006,0,0
90100,7899.014872521093,-0.7180000000000022,0,0
27300,3372.0974625000013,-0.6370000000000005,0,0
171700,14660.95165076986,-0.4999999999999986,0,0
166300,-3616.4761574672966,-0.4469999999999999,0,0
101400,-5162.204290492411,-0.21099999999999997,0,0
98900,5301.467289864803,-0.09699999999999989,0,0
129800,-12166.453004104127,0.22299999999999898,0,0
116800,11887.913561037245,0.05100000000000052,0,0
64000,-15262.311452710619,0.1480000000000004,0,0
287600,-4087.955853155023,0.3039999999999992,0,0
149400,19210.977415253794,-0.029999999999998295,0,0
93500,4589.480551336677,-0.17200000000000132,0,0
489100,-11431.211931954622,-0.288000000000001,0,0
78600,7259.5607142966755,-0.23099999999999882,0,0
176700,4171.651217657945,-0.036000000000001364,0,0
122600,15193.673649273265,-0.3019999999999996,0,0
136200,-2062.4664568922312,-0.4939999999999998,0,0
108800,2062.4664568922312,-0.375,0,0
120800,5485.53908372984,-0.30000000000000004,0,0
46000,-1369.4306114979681,-0.11500000000000057,0,0
65500,0.0,-0.12000000000000029,0,0
165800,17702.001733458594,-0.30999999999999805,0,0
100400,2163.772495429761,-0.40199999999999964,0,0
143100,-4059.739216481617,-0.3780000000000001,0,0
195100,948.294816642381,-0.23200000000000076,0,0
184100,16026.368759544774,-0.2010000000000005,0,0
122000,4946.922646274387,-0.3920000000000002,0,0
104900,4131.699093287367,-0.5440000000000026,0,0
134600,5313.7998964682965,-0.5219999999999999,0,0
113600,-9312.033515691099,-0.14699999999999847,0,0
227000,6657.580069711955,-0.07199999999999705,0,0
224000,-3324.9497106879744,0.03000000000000256,0,0
78600,10348.601774352595,-0.09099999999999966,0,0
167000,6068.404327786326,-0.351000000000002,0,0
397800,4337.749734925289,-0.3880000000000024,0,0
208200,3670.314640420891,-0.44900000000000234,0,0
149300,6139.97095745411,-0.3690000000000012,0,0
153700,-1043.2577808954236,-0.275,0,0
111400,-2611.449786964926,-0.13299999999999984,0,0
460300,15081.026283388255,-0.24199999999999877,0,0
166000,-12339.128009433154,-0.08199999999999791,0,0
146800,-18378.529314854397,0.25700000000000073,0,0
146600,2639.8818727031426,0.43299999999999844,0,0
172700,-2111.5189146323487,0.5819999999999993,0,0
117300,2638.916120611512,0.22800000000000012,0,0
75100,-395.52982862911534,-0.04599999999999796,0,0
144700,-13512.944903668611,0.18500000000000086,0,0
69400,4651.072644501042,0.20499999999999974,0,0
93200,19634.185406995464,-0.09100000000000108,0,0
74300,-1833.4906763746162,-0.3200000000000017,0,0
133600,9274.453407829064,-0.6170000000000002,0,0
170700,11800.456669195824,-0.6509999999999991,0,0
100200,-3879.6053521545914,-0.3979999999999976,0,0
104500,-7400.116772175558,-0.21099999999999997,0,0
149000,15020.116350911827,-0.15300000000000155,0,0
85200,-6455.022137298983,-0.017000000000001594,0,0
125300,-7914.440235646581,0.03799999999999955,0,0
149000,-4430.244755794454,0.1690000000000012,0,0
112300,-9689.583802977353,0.5329999999999998,0,0
69300,656.7556178822542,0.43599999999999994,0,0
131200,7727.221724143973,0.15699999999999933,0,0
269700,2088.403572336972,-0.07600000000000051,0,0
109900,2085.38482910825,-0.26699999999999874,0,0
157700,13998.049302398564,-0.42999999999999833,0,0
115600,-5298.093345228239,-0.3219999999999985,0,0
55100,776.5470937766139,-0.2450000000000003,0,0
97700,6455.022137298983,-0.21100000000000138,0,0
91400,4501.392234940838,-0.15600000000000025,0,0
133000,-13287.31073566125,-0.06099999999999853,0,0
185800,-7536.386801211492,0.22000000000000172,0,0
134400,-26028.370505636998,0.8089999999999989,0,0
805800,-18422.74646422215,1.2499999999999987,0,0
155500,20146.159077305547,0.8219999999999985,0,0
241300,-22028.344655281806,0.6870000000000005,0,0
146000,7915.489927825092,0.20000000000000143,0,0
89700,15437.157226254605,-0.21599999999999966,0,0
197000,-1721.830411546499,-0.1689999999999998,0,0
76300,-16795.863281108046,-0.17500000000000002,0,0
224900,-18486.828331913508,0.45899999999999896,0,0
144800,-1630.6246899979726,0.8389999999999986,0,0
121700,-1496.3600841513269,0.7209999999999994,0,0
89000,20272.39502626088,0.04299999999999926,0,0
541100,3485.0960981192,-0.4450000000000003,0,0
596000,9607.327674039823,-0.6500000000000015,0,0
113900,7957.5217789198405,-0.7140000000000001,0,0
103300,2642.78337482704,-0.48799999999999955,0,0
101200,7374.1418570101305,-0.4959999999999994,0,0
183500,13075.085334316227,-0.5480000000000004,0,0
367600,9470.537851727911,-0.6539999999999992,0,0
114400,-3884.480108978572,-0.570999999999998,0,0
78700,-5976.591029380529,-0.23699999999999904,0,0
99000,-2084.631506411583,0.11399999999999864,0,0
394500,4556.225436457062,0.17599999999999769,0,0
365800,-19497.05979291316,0.3329999999999984,0,0
397200,-4750.486453763969,0.4459999999999994,0,0
115400,660.7259290616341,0.47500000000000003,0,0
91600,6853.67104106227,0.2870000000000005,0,0
66500,1708.3424623614007,-0.12499999999999717,0,0
84100,-23168.346688627218,0.14500000000000313,0,0
90700,9312.033515691099,0.2420000000000016,0,0
179900,22759.441780137557,-0.057000000000000745,0,0
95900,-130.5311053485525,-0.37700000000000106,0,0
122500,-6148.322033572739,-0.5620000000000005,0,0
82200,3273.6456998261333,-0.2519999999999996,0,0
92000,-20417.389967930078,0.3780000000000001,0,0
109200,-13729.266009142371,0.6899999999999992,0,0
161400,-11699.226954499763,0.8980000000000005,0,0
322100,15310.815332090222,0.652000000000001,0,0
55900,1468.7997427484945,0.10300000000000153,0,0
65500,5993.202880494763,-0.29099999999999965,0,0
88100,-14291.49948934061,-0.18200000000000216,0,0
135800,-20276.193969829492,0.46399999999999725,0,0
625100,-20151.039851191043,0.9749999999999972,0,0
174300,12507.60453738664,0.922999999999999,0,0
155100,5191.030271856079,0.3920000000000016,0,0
372100,-4096.628519477897,-0.03299999999999841,0,0
96700,-547.0971020784532,-0.19799999999999757,0,0
751100,-16510.136783819184,0.2659999999999997,0,0
201400,11439.628927206513,0.26599999999999824,0,0
231200,-1923.2273437026493,0.14699999999999847,0,0
72500,549.7551903772546,0.025,0,0
87000,5486.060573633545,-0.21599999999999825,0,0
217600,5465.278023316422,-0.18400000000000036,0,0
479800,24206.633622688045,-0.6060000000000003,0,0
111900,2947.28405033684,-0.7810000000000002,0,0
220600,6676.06485582084,-0.7829999999999985,0,0
89700,1331.5137455451875,-0.5939999999999998,0,0
96700,1330.285977969581,-0.24400000000000122,0,0
209800,3983.5139184987156,-0.2200000000000003,0,0
61800,-11582.627484831854,0.03399999999999892,0,0
73800,8662.459876412677,0.021000000000000796,0,0
103900,21365.83492923716,-0.3180000000000007,0,0
225800,1831.6616745721603,-0.5350000000000009,0,0
101200,-12870.737527032716,-0.4619999999999991,0,0
175700,3294.2769962547304,-0.12199999999999989,0,0
305500,-14950.34146597174,0.4170000000000002,0,0
70700,11787.98007725934,0.2819999999999993,0,0
68900,1054.890854705448,0.005999999999998807,0,0
77300,-395.4936857279989,-0.059000000000000344,0,0
414900,395.4936857279989,-0.1989999999999995,0,0
65400,-3563.3523218896457,0.03799999999999955,0,0
157200,3826.954559219331,0.020000000000000285,0,0
46000,14815.828816431953,-0.23799999999999813,0,0
156100,-2741.898273955101,-0.3299999999999983,0,0
78900,-1569.1418650725097,-0.30999999999999805,0,0
267800,-12614.95640475463,0.06499999999999916,0,0
61300,6189.855396270261,0.27199999999999847,0,0
247000,5770.7878579487115,0.08299999999999984,0,0
175600,-14073.901954352763,0.13299999999999843,0,0
337500,-3705.667677663449,0.1509999999999991,0,0
178500,-11708.739321226958,0.4930000000000007,0,0
115200,934.8637481689792,0.5480000000000004,0,0
132000,-12874.106989814394,0.49100000000000255,0,0
165800,4438.444404063269,0.3769999999999996,0,0
103000,-402.9311689057735,0.18099999999999739,0,0
43100,2549.9988756001458,0.06399999999999864,0,0
85700,-6585.512110757641,-0.01599999999999966,0,0
87100,-3506.5990025078263,0.14800000000000182,0,0
131100,-6631.847787075706,0.2850000000000023,0,0
122000,0.0,0.32300000000000184,0,0
86800,10138.446789583533,0.04900000000000091,0,0
126900,-24453.043724538937,0.23300000000000126,0,0
200000,4923.878639285562,0.24299999999999927,0,0
166200,-15926.37269675734,0.5139999999999987,0,0
248900,-4286.125752359205,0.661999999999999,0,0
123900,14192.13863154134,0.16299999999999956,0,0
198200,1096.4811782896434,0.0,0,0
80100,9150.460717003207,-0.40499999999999975,0,0
124400,4485.699788384423,-0.4969999999999999,0,0
63700,3659.7723486577747,-0.3699999999999989,0,0
29900,-11143.705872449062,-0.15000000000000002,0,0
123600,-3824.9677878274824,0.15499999999999972,0,0
172900,-24416.801406260012,0.6299999999999983,0,0
259900,-20315.050984113903,1.0689999999999984,0,0
387600,423.2225251756816,1.0159999999999998,0,0
103700,17106.702032400277,0.5359999999999999,0,0
137400,-3628.7211800800633,-0.03299999999999841,0,0
181800,-16019.180328806115,-0.06599999999999824,0,0
170800,2259.064921779519,0.14399999999999977,0,0
84500,18085.622420931813,0.08799999999999955,0,0
53000,7226.692899663156,-0.31099999999999994,0,0
103300,17225.180038525246,-0.8249999999999986,0,0
81700,-4390.098605216331,-0.7249999999999986,0,0
244300,12040.772054551673,-0.5590000000000004,0,0
261600,-3273.8933283056326,-0.3700000000000017,0,0
463200,-2323.511060245309,-0.0940000000000012,0,0
189700,12801.0405494976,-0.24099999999999966,0,0
808600,-678.0537986781354,-0.1730000000000004,0,0
139200,5280.387537547782,-0.31099999999999994,0,0
58200,-10307.914783406424,-0.13799999999999954,0,0
980600,5027.527245858643,0.04699999999999989,0,0
332400,2710.3052135952767,-0.0010000000000005115,0,0
90400,16155.768391040936,-0.2590000000000018,0,0
71700,-4827.762589528106,-0.42200000000000276,0,0
266400,10066.351249821359,-0.4424000000000007,0,0
556200,-6042.094691027344,-0.2671999999999997,0,0
134100,2944.0035166974353,-0.061999999999999035,0,0
327200,9593.131296464997,-0.22479999999999906,0,0
122900,2255.7664467042214,-0.22560000000000002,0,0
251200,4236.604063952321,-0.3749999999999986,0,0
378000,-9017.702195751375,-0.15499999999999972,0,0
559800,4648.503578065899,0.0040000000000006255,0,0
218600,4369.198617685477,-0.030999999999998806,0,0
277700,-5563.098310483739,0.01600000000000108,0,0
217500,9259.9486123639,-0.18299999999999841,0,0
195900,-19916.0402007319,0.15000000000000002,0,0
150100,-6163.082541389642,0.41599999999999826,0,0
94400,3218.80592584467,0.3999999999999986,0,0
96800,-12513.078099024355,0.5519999999999982,0,0
204000,7816.582631096303,0.18299999999999841,0,0
219900,3222.1008164681207,0.009000000000000341,0,0
141600,2411.861872771759,-0.0960000000000008,0,0
102600,23109.113913594825,-0.5899999999999992,0,0
99400,4735.327142594947,-0.6959999999999994,0,0
40200,-394.017492791221,-0.6599999999999995,0,0
38000,8774.190140455217,-0.5809999999999989,0,0
118200,-13115.499790258944,-0.06400000000000006,0,0
129600,-12039.617648022195,0.28699999999999903,0,0
315100,3450.155347692885,0.38700000000000045,0,0
77800,-3184.4656524873117,0.4430000000000007,0,0
79500,-10665.939281389037,0.33599999999999997,0,0
119000,-12904.094594519578,0.45200000000000107,0,0
121600,7810.016494508076,0.459999999999998,0,0
60500,6297.940333698016,0.1799999999999983,0,0
194300,-12758.382322972217,0.06699999999999875,0,0
88600,404.62629374360404,0.021999999999998465,0,0
112600,6592.882259532473,0.08400000000000177,0,0
513800,-13080.560605119195,0.22800000000000153,0,0
647100,-1084.1218176054213,0.15400000000000064,0,0
686600,22597.214439053383,-0.11899999999999836,0,0
368800,17641.781036044078,-0.552000000000001,0,0
109200,-659.3368977654279,-0.8769999999999997,0,0
63700,4214.5585302657555,-0.7840000000000004,0,0
285200,2102.6712279370586,-0.37900000000000067,0,0
365300,-3418.398670604006,-0.08199999999999791,0,0
431200,18571.799913694063,-0.3179999999999993,0,0
438600,22435.78480883812,-0.7280000000000002,0,0
227900,5108.698825831759,-0.9760000000000005,0,0
148500,-3574.188798988409,-0.8700000000000003,0,0
92000,1532.8795926485839,-0.40799999999999986,0,0
71600,765.8294655037423,-0.043999999999999775,0,0
180400,13463.049926302872,-0.2100000000000023,0,0
109500,12336.181437873072,-0.5560000000000003,0,0
407300,1002.3936765177766,-0.6400000000000006,0,0
462000,-8542.628824441677,-0.3939999999999998,0,0
171700,8417.367696436528,-0.15000000000000002,0,0
62500,2253.0380022391937,-0.04899999999999949,0,0
399900,-17617.079417685312,0.16100000000000136,0,0
811200,9464.466750528367,0.08199999999999932,0,0
263900,503.0317487815239,0.15100000000000052,0,0
94500,8274.80088087551,-0.08900000000000148,0,0
181100,0.0,-0.3600000000000009,0,0
118800,-3128.8128526369974,-0.15600000000000167,0,0
73000,-3135.6131467328296,-0.007000000000002161,0,0
283300,18588.31206493061,-0.147999999999999,0,0
136300,-743.9128942179352,-0.30999999999999805,0,0
106400,248.01358852322153,-0.382999999999997,0,0
140700,-868.2341564734131,-0.27199999999999847,0,0
69100,-14213.859219701419,0.2549999999999997,0,0
99200,5752.28047150489,0.2670000000000002,0,0
215200,6723.5413146482515,0.10999999999999943,0,0
103100,-1740.1338003928402,-0.043999999999999775,0,0
78200,13616.270486280335,-0.43199999999999933,0,0
313700,6392.319773355304,-0.5000000000000014,0,0
158300,4653.4639746340645,-0.5340000000000004,0,0
343700,-2447.320418743182,-0.45,0,0
467600,-7366.969408212576,-0.03800000000000097,0,0
995300,-2587.352489775263,0.20600000000000165,0,0
121800,13379.409240561024,0.06500000000000057,0,0
84200,5365.904900886065,-0.23199999999999932,0,0
554100,1581.569120029158,-0.4430000000000007,0,0
211600,-16509.087165440305,-0.1190000000000012,0,0
147500,12003.135204452952,0.08199999999999932,0,0
113100,2072.0500072695104,0.050999999999999095,0,0
81900,-1218.4925056173413,-0.0549999999999983,0,0
143100,-3661.6645059712737,-0.15699999999999933,0,0
262500,-10425.471806394526,0.2560000000000002,0,0
122100,-19350.76956999282,0.6773000000000011,0,0
190400,-9996.564532435137,0.9431499999999986,0,0
100900,6892.966007382206,0.7679999999999993,0,0
135600,-4633.458825257897,0.46085000000000065,0,0
292100,5758.269846674935,0.013699999999998625,0,0
106100,-8771.733168713603,0.0030000000000001137,0,0
217100,6396.102716690777,0.04399999999999835,0,0
75600,-11306.445336686898,0.14499999999999888,0,0
121700,6417.861086203125,0.15499999999999972,0,0
266000,15610.356162694572,-0.23500000000000087,0,0
99900,-12975.983372220944,-0.13999999999999915,0,0
113900,-8800.014463292704,-0.02499999999999858,0,0
195200,-7459.071728023403,0.39000000000000346,0,0
119800,-7752.685483938926,0.7170000000000031,0,0
113500,3690.8984169459204,0.44200000000000017,0,0
66300,8870.35318456597,0.07399999999999807,0,0
74400,2019.8743808919062,-0.20700000000000218,0,0
85700,-5308.213760444325,-0.23200000000000076,0,0
145700,14613.52214893985,-0.2939999999999984,0,0
174800,8124.360015368204,-0.38399999999999895,0,0
167000,6590.783101276365,-0.5650000000000006,0,0
88600,-3478.1712339411188,-0.5300000000000011,0,0
125200,14232.148848202009,-0.4350000000000023,0,0
133700,-615.8783619216734,-0.3569999999999993,0,0
90800,2461.937527294289,-0.31399999999999867,0,0
99800,-13592.944623979087,-0.054999999999999716,0,0
67100,4957.7197959660425,0.20000000000000143,0,0
145000,11706.750452526116,-0.020000000000000285,0,0
134000,368.14401787488293,-0.19099999999999967,0,0
150000,5144.176578307125,-0.45799999999999985,0,0
123200,244.50386311958283,-0.3290000000000006,0,0
164800,-9443.440709584473,0.01599999999999966,0,0
175600,-615.3529804908686,0.1509999999999991,0,0
180600,-21954.343814539534,0.595999999999998,0,0
156600,7603.974702926841,0.5779999999999973,0,0
64900,10899.533608054846,0.18199999999999933,0,0
252600,14365.066539117066,-0.3269999999999996,0,0
103700,-7226.044005445687,-0.6189999999999984,0,0
45300,8203.065995475712,-0.48399999999999893,0,0
99600,-1221.3809067533887,-0.23799999999999813,0,0
64200,1587.593636449114,-0.07899999999999921,0,0
106800,14451.967296767343,-0.3810000000000002,0,0
202600,3620.618532927722,-0.43599999999999994,0,0
118800,-9189.941652765654,-0.32100000000000223,0,0
200400,-13160.921104295121,0.11600000000000109,0,0
114800,-2573.0692504648546,0.5340000000000004,0,0
95900,-4667.727490590856,0.6149999999999992,0,0
92000,7118.373639375619,0.27699999999999964,0,0
113700,-7610.5930371532795,0.10599999999999882,0,0
158800,-12484.52284911572,0.290000000000002,0,0
91900,1736.9911431304174,0.34500000000000314,0,0
267600,-3103.238539782005,0.4350000000000023,0,0
140300,-4480.4229826693745,0.3070000000000008,0,0
128900,-12393.395581726807,0.3529999999999987,0,0
152800,-1131.9694899194487,0.472999999999999,0,0
108400,-5168.018865818524,0.4779999999999987,0,0
139800,1262.2004662405927,0.3280000000000001,0,0
239600,-12162.952864110288,0.30300000000000016,0,0
134800,19462.01871011155,0.0319999999999979,0,0
113600,-878.9647590070615,-0.18000000000000116,0,0
170100,-6167.793454157078,-0.15100000000000194,0,0
124900,4785.4802566602575,-0.21599999999999966,0,0
109400,4519.017135415915,-0.02499999999999858,0,0
81600,3254.9537464827695,-0.17600000000000052,0,0
134000,7856.680831864971,-0.38799999999999957,0,0
49800,-12490.944183196185,-0.13900000000000007,0,0
133400,-1129.5077231290306,0.07700000000000103,0,0
164600,7388.498194810467,0.08300000000000125,0,0
76500,-15698.68635798688,0.30000000000000004,0,0
217400,-17148.679172430904,0.48599999999999854,0,0
223800,-23186.66938390912,1.022,0,0
425100,5184.893418574532,1.1150000000000007,0,0
169100,12111.648685313448,0.502000000000001,0,0
99800,-20676.74289892629,0.27800000000000014,0,0
72400,27716.478931441023,-0.3120000000000005,0,0
95700,-10122.418916701292,-0.19500000000000028,0,0
96900,14075.185211721575,-0.30799999999999983,0,0
158600,-15619.000277059315,-0.2789999999999992,0,0
126400,5267.895301878767,0.11200000000000046,0,0
79600,-19237.079607866468,0.32100000000000084,0,0
83200,17183.60353355486,0.3019999999999996,0,0
95000,7302.206001978284,-0.14800000000000182,0,0
278200,4465.56416059618,-0.34200000000000164,0,0
352200,12304.239435388276,-0.736,0,0
265000,-2654.918670523365,-0.4680000000000007,0,0
84500,-379.67324423338056,-0.2920000000000002,0,0
136300,7952.230430052332,-0.24800000000000041,0,0
116100,-13151.13710437199,0.07000000000000171,0,0
205900,7222.677009179001,0.015000000000001991,0,0
154800,-16525.897090878592,0.275,0,0
210900,-6150.04145917375,0.522999999999999,0,0
253400,14309.526147959772,0.19599999999999795,0,0
176400,9882.379309590127,-0.08800000000000097,0,0
108600,17320.07889310161,-0.75,0,0
134100,6472.844518699894,-0.9759999999999991,0,0
62100,-1988.5530934535823,-0.6939999999999984,0,0
236600,7442.98318556158,-0.5039999999999978,0,0
230600,0.0,-0.23599999999999854,0,0
214200,-5330.236484584639,-0.06200000000000046,0,0
148300,8173.229816930138,-0.1230000000000004,0,0
147400,2221.0499371366764,-0.10500000000000256,0,0
69300,-3950.900313319572,-0.10200000000000103,0,0
139400,11943.009869284539,-0.2839999999999989,0,0
66000,2205.3941225443905,-0.2670000000000002,0,0
85800,-8349.237156482835,-0.14499999999999888,0,0
180000,2337.743531165337,-0.08199999999999932,0,0
152600,983.180916074744,0.09499999999999886,0,0
116600,-3320.924447240081,0.10900000000000035,0,0
186400,7491.984443663391,-0.10300000000000012,0,0
285200,-1838.6871610980293,-0.08800000000000097,0,0
100300,3307.9515239080592,-0.13799999999999954,0,0
67500,4886.76914313313,-0.2380000000000024,0,0
88900,1950.0822986202593,-0.20300000000000154,0,0
78400,6683.374955074762,-0.33199999999999935,0,0
69800,6169.767240206347,-0.3950000000000003,0,0
139400,-120.72256740047749,-0.347999999999999,0,0
206200,-2779.4108308025757,-0.21399999999999864,0,0
146000,2779.4108308025757,-0.0759999999999991,0,0
92600,-17612.576639469247,0.2920000000000016,0,0
206100,-12273.107116629766,0.6120000000000005,0,0
189200,-3578.818497107505,0.7469999999999986,0,0
71700,14629.30262455675,0.43899999999999867,0,0
117500,-2448.3587393167027,-0.030000000000001137,0,0
121700,-7123.827889588874,-0.1230000000000004,0,0
50700,5284.828225807559,-0.08999999999999773,0,0
112500,12459.21672663819,-0.11899999999999977,0,0
65300,-11110.387811100076,-0.13699999999999904,0,0
143500,4161.152476740426,-0.18699999999999906,0,0
383700,17612.576639469247,-0.3230000000000004,0,0
93200,10225.523606385068,-0.5249999999999986,0,0
191600,2395.509128029438,-0.7980000000000005,0,0
48900,1794.025152495493,-0.6350000000000009,0,0
103400,1433.61559417432,-0.2989999999999995,0,0
188200,1193.5923911492453,-0.1410000000000011,0,0
81100,-5977.861543934538,0.003999999999999205,0,0
117200,9433.70561045409,-0.061999999999999035,0,0
82900,4634.500636720773,-0.18499999999999944,0,0
123000,-8806.381631276672,-0.10599999999999882,0,0
89500,9755.211024826238,-0.2170000000000016,0,0
174000,-3561.33244505763,-0.04200000000000159,0,0
83500,1781.76512815309,-0.03800000000000097,0,0
276100,5686.905775696083,-0.21500000000000058,0,0
68700,9898.461066238262,-0.2969999999999985,0,0
232100,-6473.4538347783755,-0.31599999999999967,0,0
74400,-2006.776553582945,-0.14899999999999808,0,0
83900,8832.493859990187,-0.10199999999999819,0,0
77100,1173.590759330878,-0.08400000000000177,0,0
106100,-12843.941528242198,-0.003000000000001535,0,0
74700,-11169.001084957663,0.334999999999998,0,0
58000,-4779.118377398639,0.6689999999999998,0,0
341800,7400.900934354304,0.49600000000000083,0,0
191600,2141.556614252416,0.08600000000000137,0,0
83700,6997.342617973246,-0.2779999999999987,0,0
78900,-8900.79145137701,-0.20499999999999974,0,0
194600,7361.916595187701,-0.11200000000000046,0,0
96100,-18955.651078661263,0.23899999999999866,0,0
91100,-120.00956966407017,0.4430000000000007,0,0
209800,-1561.0335312663537,0.3820000000000008,0,0
48400,5037.2643839979855,0.2760000000000005,0,0
368700,-1317.5845035346968,-0.06300000000000097,0,0
216200,-1918.6371919488465,-0.03500000000000227,0,0
179600,-9510.854174661354,0.15499999999999972,0,0
114700,4582.668030588266,0.23100000000000165,0,0
85200,-9907.1650824607,0.3190000000000012,0,0
169500,10027.565252853421,0.12400000000000092,0,0
134700,-4823.861523016504,0.0009999999999976694,0,0
156000,18484.03290203393,-0.27300000000000185,0,0
121800,-119.26549346608084,-0.5059999999999988,0,0
135000,-3702.1291179586415,-0.31700000000000017,0,0
91200,16644.379565401658,-0.49199999999999877,0,0
228800,4720.47878282389,-0.40500000000000114,0,0
90700,-5075.138113708633,-0.3920000000000002,0,0
158500,9780.221911896093,-0.4369999999999976,0,0
156300,352.2634716288664,-0.20599999999999882,0,0
259300,-9186.920846390834,-0.015999999999998238,0,0
170000,-5919.9715438174035,0.15900000000000036,0,0
103800,355.8841544712976,0.3719999999999999,0,0
71000,9811.475268456605,0.13100000000000023,0,0
99500,-5311.191570586793,-0.0680000000000021,0,0
86800,-14259.5185163783,0.11999999999999744,0,0
369900,-13798.9100119551,0.5589999999999989,0,0
287400,4934.764472356079,0.713000000000001,0,0
79300,2880.829726803036,0.4140000000000015,0,0
182500,-5045.233427980911,0.11899999999999977,0,0
489500,0.0,-0.028000000000001538,0,0
153000,1323.076957109315,0.05599999999999881,0,0
99100,11972.641666076812,-0.1489999999999995,0,0
204800,4048.1689835969446,-0.4010000000000005,0,0
194400,832.0383576627677,-0.43799999999999956,0,0
71100,-17694.66666855113,-0.027000000000001023,0,0
135600,-22427.961661632522,0.7250000000000001,0,0
244300,-5876.566336669775,1.0810000000000017,0,0
187000,5143.303275959354,0.9110000000000014,0,0
128100,-12646.146179850604,0.5940000000000026,0,0
178200,-4941.164315987124,0.35899999999999893,0,0
297800,-10805.82457424839,0.5189999999999984,0,0
332700,-1122.4772874864898,0.6049999999999998,0,0
176500,15265.443302925341,0.12199999999999989,0,0
144500,3822.037552880353,-0.22999999999999973,0,0
107300,-14727.188565526461,-0.20600000000000165,0,0
158400,20993.108322437947,-0.32200000000000273,0,0
199800,-21739.651697901154,0.13699999999999904,0,0
117700,6952.76064176742,0.14399999999999977,0,0
198700,23830.498223927243,-0.36799999999999927,0,0
132900,-3537.3643750817864,-0.33999999999999775,0,0
90200,-5383.653249290354,-0.5189999999999984,0,0
160600,-19126.80209556239,0.1410000000000011,0,0
79300,22432.788359047605,0.2910000000000011,0,0
124600,6589.3316112477505,-0.10100000000000052,0,0
79600,2675.9379478189517,-0.44200000000000017,0,0
171600,17273.651396426005,-0.8780000000000016,0,0
144600,5273.627355837362,-0.6910000000000025,0,0
149300,-119.641335299292,-0.6030000000000002,0,0
133900,1076.4150027231522,-0.43299999999999983,0,0
286500,-837.1422530437655,-0.09799999999999756,0,0
1069600,3465.0027990821286,-0.061999999999999035,0,0
316500,8566.956550570381,-0.22800000000000012,0,0
79400,6391.997017519025,-0.39700000000000135,0,0
125400,-2955.737647043932,-0.3860000000000028,0,0
80600,-5692.047656819632,-0.13500000000000087,0,0
74400,2730.2419750370177,0.06499999999999916,0,0
103400,13456.752338449007,-0.10300000000000012,0,0
109500,9252.205938761193,-0.472999999999999,0,0
226400,6406.552633504425,-0.7349999999999981,0,0
114500,7997.285617698857,-0.7679999999999965,0,0
134800,6688.231335195916,-0.6459999999999995,0,0
33100,1954.482164896021,-0.525,0,0
228400,-13041.530319915395,-0.13700000000000045,0,0
136100,231.85135299197412,0.1680000000000007,0,0
139300,-5691.112077855998,0.39700000000000135,0,0
505200,17926.21815857931,0.05699999999999932,0,0
137800,459.67661401746795,-0.3300000000000012,0,0
116100,-3220.816291074513,-0.32300000000000184,0,0
108200,-230.33368626990125,-0.23400000000000176,0,0
152400,-6117.280829482042,0.18799999999999814,0,0
75500,231.3123366972647,0.2170000000000002,0,0
113400,3349.867887679103,0.09899999999999949,0,0
88900,2420.919970267832,-0.028999999999999207,0,0
196400,8155.059165477319,-0.295999999999998,0,0
82600,2860.561354536273,-0.3839999999999975,0,0
359000,-3662.535985965221,-0.26599999999999824,0,0
127300,-1720.0197255222704,-0.09099999999999966,0,0
140200,-12213.608153090583,0.30299999999999727,0,0
104300,1156.6544681844703,0.4069999999999979,0,0
173200,5193.500015960417,0.2279999999999987,0,0
84300,6666.384740056763,-0.0690000000000012,0,0
81200,917.0886544112022,-0.34499999999999886,0,0
198000,-21009.372513963954,0.07600000000000194,0,0
158000,2091.536346994438,0.3700000000000017,0,0
111300,-5351.076275061039,0.5679999999999993,0,0
695100,-5370.99777685679,0.5399999999999991,0,0
884900,21134.51329060112,-0.12400000000000233,0,0
381800,10452.276818507578,-0.49800000000000044,0,0
129100,-915.8515088651952,-0.711,0,0
218000,14130.775297914512,-0.861,0,0
344800,5320.0536471242895,-0.6239999999999981,0,0
135500,2032.2832235271094,-0.5329999999999998,0,0
249000,4055.9981008305713,-0.5149999999999978,0,0
154900,-8236.579521150312,-0.10999999999999943,0,0
256400,1571.9637571960377,0.047200000000000845,0,0
188500,-5083.96409906009,0.19510000000000077,0,0
234500,-5568.722263546988,0.33699999999999763,0,0
168500,8967.565615596306,0.09590000000000032,0,0
298300,-25573.486673835967,0.4477999999999995,0,0
296800,4255.571030207683,0.45899999999999896,0,0
384600,4357.559274501099,0.3269999999999996,0,0
261300,-3209.5564758902738,0.2789999999999992,0,0
126100,12226.786529873301,-0.3180000000000007,0,0
258200,11446.872505731953,-0.5149999999999991,0,0
263400,1466.7842761593165,-0.5940000000000012,0,0
192700,-7122.201321794641,-0.4299999999999997,0,0
289000,5542.52569295155,-0.15000000000000002,0,0
214400,-12927.867881809441,0.24399999999999836,0,0
226300,-7079.885392189844,0.4450000000000003,0,0
173700,3430.0896825767422,0.37000000000000033,0,0
285000,-14115.491837067395,0.5700000000000032,0,0
198200,10341.944221458732,0.22300000000000184,0,0
106500,-2750.6110160349094,0.08699999999999904,0,0
179500,2956.695587614355,-0.0036000000000015577,0,0
167100,-6517.347549685582,-0.07180000000000178,0,0
65500,13620.68984064635,-0.09699999999999989,0,0
102300,5457.869211338284,-0.3341999999999999,0,0
97100,11203.325381834438,-0.585599999999998,0,0
120300,-1701.4576146801019,-0.6490999999999971,0,0
147100,-4064.568463443052,-0.2759999999999977,0,0
143800,11262.313563078053,-0.2448999999999984,0,0
76900,-3594.3837736622795,-0.09780000000000229,0,0
90200,2247.5390756673264,-0.1719999999999999,0,0
230300,4148.73922966752,-0.23799999999999955,0,0
179200,-14290.353567568915,0.14699999999999988,0,0
108200,12609.869928651207,0.006000000000001649,0,0
74400,-1009.2305699345161,-0.011000000000004208,0,0
161600,-2357.6205284641105,-0.013000000000003809,0,0
139900,-10600.636597522416,0.05399999999999921,0,0
109200,-5897.818129363408,0.4670000000000002,0,0
245900,4085.6715059414128,0.40800000000000414,0,0
129200,-7727.118565286517,0.3719999999999999,0,0
123000,11236.087873303546,0.001999999999998181,0,0
154600,3500.4553835937813,-0.22700000000000103,0,0
165500,14810.811785031852,-0.5180000000000021,0,0
170900,6460.005572565208,-0.8029999999999987,0,0
105000,3108.300767229011,-0.6879999999999982,0,0
131300,1108.486447839674,-0.5419999999999959,0,0
134400,-8891.831173126973,-0.06999999999999887,0,0
123500,-8049.776227132099,0.29799999999999616,0,0
126100,8719.682276888463,0.2799799999999948,0,0
147500,-335.4714678271975,0.14798999999999582,0,0
221900,1893.6663101865038,-0.11499999999999773,0,0
120400,-1002.2195893757413,-0.17998999999999513,0,0
97900,-8513.477308123463,0.13442000000000576,0,0
87600,13406.612485075797,-0.018799999999995976,0,0
101800,-3890.915587576593,-0.043999999999999775,0,0
135800,779.0230671975706,-0.11719999999999971,0,0
86700,-1558.467016709919,-0.12840000000000204,0,0
103500,8329.35057342965,-0.05900000000000319,0,0
158600,5305.657371362571,-0.2930000000000007,0,0
111500,-673.1793443019995,-0.328800000000004,0,0
138300,-15525.827725348052,0.00409999999999684,0,0
190600,1895.56897812615,0.30799999999999844,0,0
226800,-13096.673698697714,0.6148999999999973,0,0
173400,2920.6636980489975,0.527800000000002,0,0
161100,-336.6980545580489,0.24500000000000172,0,0
105800,-2246.664069832427,0.2049999999999983,0,0
184800,24633.47241333036,-0.42499999999999716,0,0
254100,4303.755560514766,-0.675,0,0
57900,1982.0267761021526,-0.776000000000002,0,0
352100,-660.3730848704358,-0.601000000000002,0,0
98000,-4189.397071505674,-0.03799999999999955,0,0
79400,-4644.584091041182,0.180000000000004,0,0
130200,332.25234267053594,0.24600000000000366,0,0
156600,4201.920005241888,0.1170000000000016,0,0
77700,2757.761746732257,-0.08900000000000148,0,0
201700,-6959.681751974145,-0.06899999999999977,0,0
94300,8501.72881987632,-0.1160000000000025,0,0
98000,-4188.292996746945,-0.016020000000000322,0,0
122900,6718.083294679822,-0.11300999999999989,0,0
214400,12255.978180867543,-0.4469999999999999,0,0
133900,1306.986386434339,-0.4669900000000013,0,0
288600,-108.87031970607808,-0.49198000000000097,0,0
338800,-1961.0719479343786,-0.2210000000000008,0,0
1155100,-18764.352904011794,0.375,0,0
215800,-19459.359501851737,0.9189999999999998,0,0
152200,1566.4442808063227,1.046000000000001,0,0
393200,-4592.255473007789,0.907000000000005,0,0
327300,-26607.254801427338,0.901000000000002,0,0
313800,-6757.902667777315,0.9180000000000007,0,0
318000,8128.52587993973,0.8219999999999971,0,0
202800,-8587.83662590401,0.5839999999999975,0,0
1303500,-11299.035938471035,0.3259999999999991,0,0
394000,4968.639467875846,0.2910000000000011,0,0
141200,19818.96749722445,-0.030999999999997387,0,0
175400,8168.7889637027665,-0.595999999999998,0,0
207700,-26373.745538834646,-0.35899999999999893,0,0
201300,16952.86407082097,-0.1650000000000006,0,0
123000,18218.517454585915,-0.21700000000000302,0,0
185300,2808.439743974489,-0.5150000000000049,0,0
137600,-24447.288437609237,-0.42200000000000276,0,0
299700,-6553.160578069317,0.3655600000000007,0,0
106500,-9401.066268527991,0.9332800000000034,0,0
498300,-1385.6524589037633,0.8730000000000033,0,0
113200,1385.6524589037633,0.37172000000000055,0,0
268100,-25970.027166541066,0.6094400000000008,0,0
545600,-17259.586052497332,0.9489999999999995,0,0
1440200,9128.385616755886,0.9289999999999993,0,0
277000,32946.60966078933,0.08899999999999864,0,0
207700,-7527.625158307849,-0.6550000000000011,0,0
230700,-14587.536223046982,-0.5549999999999997,0,0
1172600,351.8339344079635,0.0,0,0
113200,15976.335969591915,0.2219999999999999,0,0
192900,-7907.746928698778,-0.03400000000000034,0,0
242800,2213.884517704656,-0.2509999999999991,0,0
138800,814.7860385374628,-0.14099999999999965,0,0
119300,-13796.848387966244,0.2940000000000012,0,0
101100,10185.011551545387,0.12099999999999939,0,0
200400,31158.438816957456,-0.4610000000000014,0,0
231500,-685.1488371086845,-0.8230000000000004,0,0
99900,11036.878542111772,-1.1600000000000008,0,0
162300,-11836.63031758897,-0.6049999999999983,0,0
97000,4677.966586404736,-0.04899999999999949,0,0
1278100,-12010.612820874123,0.20500000000000115,0,0
166700,1721.9358012630082,0.37000000000000033,0,0
121800,5267.823909694158,0.0960000000000008,0,0
113500,-15514.853033454123,0.2970000000000013,0,0
216700,-21653.055342527594,0.608999999999999,0,0
1238400,-8469.858226994198,1.0149999999999992,0,0
244900,-2479.771092103178,1.086,0,0
209800,4837.501704921366,0.5689999999999998,0,0
234700,23599.55434301675,-0.3200000000000003,0,0
126200,-14792.223415591721,-0.4330000000000013,0,0
152300,-11519.053700254744,-0.11100000000000138,0,0
117500,27816.919730853762,-0.2049999999999983,0,0
169100,4853.672610519943,-0.24999999999999858,0,0
105700,3917.2385821801827,-0.7119999999999991,0,0
111900,-3686.518120967541,-0.6399999999999992,0,0
146800,12633.137123577499,-0.3100000000000009,0,0
116900,-114.34986261260605,-0.30000000000000004,0,0
105700,-7452.249864531524,-0.13300000000000126,0,0
85500,9052.32374893572,-0.18000000000000116,0,0
86000,3194.833727701685,-0.09599999999999938,0,0
129300,-684.0118852222688,-0.17899999999999922,0,0
76600,-4797.185301811169,-0.13999999999999774,0,0
104600,-6696.993965421782,0.20479999999999876,0,0
157300,-7328.839272251919,0.4403999999999997,0,0
82000,5534.642494671615,0.3539999999999992,0,0
216900,-4495.278401847713,0.2415999999999997,0,0
97400,2652.755749247504,0.054200000000000165,0,0
146900,18320.18320678941,-0.3680000000000007,0,0
146400,14039.83651881191,-0.7189999999999984,0,0
326700,3263.890005121617,-0.9560000000000017,0,0
224200,5722.093832112307,-0.8810000000000017,0,0
139100,-5497.2699200348525,-0.39000000000000057,0,0
100100,449.5427444304312,-0.07199999999999705,0,0
83800,-6757.893725538366,0.15300000000000297,0,0
87600,-338.7270704395817,0.27199999999999847,0,0
148900,564.500942714652,0.17099999999999654,0,0
107000,8328.891367071377,-0.0340000000000046,0,0
101800,2802.9832809606246,-0.28100000000000164,0,0
120100,3132.8894849629305,-0.36300000000000243,0,0
174500,-223.55234272541935,-0.30300000000000016,0,0
77400,8359.595998830293,-0.2779999999999973,0,0
170000,2886.7233783298475,-0.32699999999999535,0,0
84500,-15500.408868638793,-0.020999999999997954,0,0
149600,-5391.579146635017,0.2850000000000023,0,0
84600,2922.9396005625576,0.45699999999999935,0,0
172600,449.15786193744367,0.3359999999999985,0,0
79400,16290.408477646068,-0.28584000000000176,0,0
106900,7648.356761134068,-0.6399200000000036,0,0
249700,-3095.201642746126,-0.5969999999999999,0,0
125900,3426.436873425587,-0.47708000000000084,0,0
137700,2096.058925532773,-0.18515999999999908,0,0
138100,-4748.072615130106,-0.00799999999999841,0,0
199900,8601.280020783975,-0.14599999999999796,0,0
97700,-9043.756650809697,0.021000000000000796,0,0
88600,-3655.6195970627314,0.16400000000000148,0,0
248700,6418.874686006327,0.07299999999999898,0,0
632500,10013.788628019603,-0.0930000000000007,0,0
94200,1753.5037599438751,-0.4129999999999996,0,0
114700,1424.2483503510427,-0.4630200000000002,0,0
