1322855,nan,9,31
463004,7513.271021370116,-0.125,9,32
233086,7513.271021370116,-0.09250000000000114,9,33
213899,7513.271021370116,-0.046500000000000694,9,34
426537,7513.271021370116,-0.00400000000000027,9,35
551602,-299.7807887954451,-0.04450000000000003,9,36
347646,-2598.710483923128,-0.03933999999999998,9,37
339251,-1003.5261962721975,-0.007169999999999632,9,38
228494,0.0,0.019000000000000128,9,39
158108,-1804.496846748549,0.01966999999999999,9,40
211152,3606.7394807330897,0.00033999999999991817,9,41
334238,-600.4974242319605,-0.007000000000000029,9,42
144999,-1201.7452097525804,-0.005000000000000071,9,43
268180,3602.2366801953253,-0.014999999999999859,9,44
521425,2097.158563912238,-0.01699999999999946,9,45
236176,-395.2310268440229,-0.02317999999999998,9,46
181916,-1102.4282386484786,-0.016840000000000188,9,47
446338,2993.7654255887123,-0.009500000000000598,9,48
282859,-1795.5136616150114,-0.002160000000000295,9,49
261694,-2397.4995810656096,0.005679999999999907,9,50
263956,-599.9979462192329,0.013000000000000256,9,51
435545,-600.2475813193797,0.023000000000000045,9,52
141981,600.2475813193797,0.0120000000000001,9,53
244683,-2703.082994991668,0.010999999999999944,9,54
200798,-300.655422758922,0.013500000000000158,9,55
92903,601.2482024466692,0.0110000000000003,9,56
148620,0.0,0.0074999999999999295,9,57
149130,-601.2482024466692,3.552713678800501e-16,9,58
228093,-1185.1924989594308,0.0049399999999995,9,59
115284,-1824.8128509732453,0.014969999999999574,10,0
186845,-2110.7465958074554,0.02399999999999949,10,1
313654,-1509.5690828896836,0.028529999999999944,10,2
297193,-906.5002126007471,0.027060000000000885,10,3
250458,2717.793659424039,0.010000000000000498,10,4
183318,-1811.2934468232922,0.0020000000000003127,10,5
50356,604.0171915273618,-0.0035000000000003696,10,6
91855,603.7644117791174,-0.005000000000000071,10,7
283637,-3027.401023730114,0.010019999999999741,10,8
183866,-2415.5965740479955,0.01800999999999995,10,9
255515,-2425.7173278989794,0.03300000000000019,10,10
154169,-607.0671416686935,0.03598999999999961,10,11
225215,-3039.173318757804,0.03297999999999988,10,12
331836,608.3470639959287,0.023999999999999844,10,13
231275,1215.9250959022927,0.010000000000000498,10,14
152640,1214.9011588595827,-0.0029999999999997585,10,15
110772,303.565501570624,-0.015000000000000215,10,16
194909,2729.2189679970493,-0.020500000000000185,10,17
107631,1725.8387386238637,-0.02469999999999999,10,18
172032,-1120.0461448437338,-0.01934999999999967,10,19
88570,2420.6298311142405,-0.01999999999999993,10,20
164186,2416.5751728837395,-0.020149999999999935,10,21
157805,905.173118193936,-0.0232999999999997,10,22
159251,-301.661274677123,-0.023499999999999945,10,23
105895,-603.511843516813,-0.008999999999999985,10,24
39323,0.0,0.0015000000000000568,10,25
56735,-1207.7816033064792,0.008000000000000186,10,26
48595,302.04020646085183,0.006999999999999673,10,27
84769,-302.04020646085183,0.005499999999999616,10,28
52162,-1202.7470816580176,0.007979999999999876,10,29
101949,-6.046487919242338,0.006490000000000152,10,30
47316,0.0,0.007000000000000384,10,31
136601,-858.858679055885,0.006849999999999668,10,32
170053,-1561.7711520583555,0.009439999999999671,10,33
100275,-6.056666957299228,0.012019999999999698,10,34
107026,-611.8543736937099,0.012630000000000053,10,35
128111,617.9110406510091,0.006180000000000164,10,36
88768,1610.1711500802196,-0.005329999999999658,10,37
113913,-399.34855203238584,-0.007699999999999818,10,38
93033,-1816.6151918279638,-0.0020399999999998644,10,39
82728,-606.0470750277602,0.007659999999999912,10,40
52907,606.0470750277602,0.011319999999999908,10,41
63525,302.9280936885925,0.0049999999999997165,10,42
50396,1513.6870981393713,-0.007500000000000284,10,43
58475,605.0304307123611,-0.013000000000000256,10,44
69172,0.0,-0.011500000000000555,10,45
71737,1807.528922761925,-0.01397999999999975,10,46
175612,6.041449169380542,-0.010989999999999611,10,47
79053,604.0171915273618,-0.010999999999999588,10,48
92925,0.0,-0.009009999999999962,10,49
25465,-906.1206458591541,-2.000000000030866e-05,10,50
105327,906.1206458591541,-0.0005000000000002558,10,51
58432,-2115.167472027224,0.007000000000000029,10,52
70657,0.0,0.008999999999999985,10,53
53722,-302.42009143144344,0.00849999999999973,10,54
80745,-3027.6926975680854,0.018499999999999874,10,55
134040,1211.8396688078903,0.0125,10,56
148210,-4081.897433747983,0.023460000000000036,10,57
96294,-164.0023246922695,0.024730000000000276,10,58
222280,-2431.8506236653548,0.025,10,59
259759,-2435.956747393497,0.03426999999999971,11,0
156782,609.3748943349908,0.02254000000000005,11,1
56096,-6.092475030250455,0.017020000000000125,11,2
123266,-908.0664155556306,0.008010000000000517,11,3
118719,304.78399625089025,0.0015000000000000568,11,4
114673,-609.6323948261429,0.0049899999999997394,11,5
168130,-3663.2140905847878,0.016479999999999606,11,6
159078,611.1819794387685,0.01799999999999997,11,7
79607,-611.1819794387685,0.019000000000000128,11,8
203217,-1223.1412694410083,0.01600000000000037,11,9
193265,-2449.3979413184875,0.015000000000000568,11,10
121266,1837.438211722997,0.014000000000000058,11,11
104450,1529.4128866756296,0.0020000000000003127,11,12
107369,-996.9932442164264,-0.0052400000000005775,11,13
94253,691.2403468364303,-0.010870000000000248,11,14
91343,-1223.6599892956335,0.0004999999999999006,11,15
129711,-777.5632154949363,0.008409999999999584,11,16
174628,-753.472735143923,0.010009999999999764,11,17
128287,153.1767311400145,0.010999999999999944,11,18
94583,-153.1767311400145,0.005979999999999919,11,19
74798,1531.0359506388593,-0.0025399999999997647,11,20
115478,-1224.6987500210694,-0.0032499999999998867,11,21
62120,0.0,-0.0010000000000001564,11,22
191245,-1838.9996637813156,0.007000000000000384,11,23
128070,-613.5211833431242,0.014999999999999859,11,24
359253,-2057.1990703279753,0.018699999999999762,11,25
71364,1443.4168696686456,0.014349999999999953,11,26
101647,0.0,0.005000000000000071,11,27
76586,-1228.3483423098928,0.003650000000000375,11,28
294465,-921.9480817890258,0.004300000000000282,11,29
163693,-922.5376255246331,0.013500000000000158,11,30
171155,0.0,0.013000000000000256,11,31
51917,1229.9191204316885,0.0035000000000003696,11,32
94799,-614.8284946618787,-0.0010000000000001564,11,33
145312,-1230.4436062606783,0.0009999999999994458,11,34
174550,-615.6155591119373,0.006999999999999673,11,35
59846,1839.9095570362788,0.00501999999999967,11,36
87090,-608.941017433473,1.0000000000331967e-05,11,37
153897,-3079.3929319719027,0.006000000000000583,11,38
91388,0.0,0.01199000000000048,11,39
119918,-1233.599939109986,0.020980000000000488,11,40
73081,-611.022484157786,0.017979999999999663,11,41
145671,-12.346555762654532,0.009009999999999253,11,42
224793,-1846.9997843881813,0.013009999999999522,11,43
228066,-927.4799682268408,0.014010000000000035,11,44
324009,-2779.8257005011706,0.022490000000000166,11,45
255631,-1246.158565401778,0.02796999999999983,11,46
170303,620.1139321300175,0.02049999999999983,11,47
200694,-3569.30058256566,0.023510000000000277,11,48
221049,1708.1585817457778,0.012770000000000793,11,49
392970,-807.241096730138,0.009600000000000365,11,50
229373,2048.2691654200025,0.0005499999999994288,11,51
228711,0.0,-0.01150000000000091,11,52
169245,-6.202485563377991,-0.007280000000000087,11,53
70355,626.3164176933956,-0.00858999999999952,11,54
122885,619.8475029357553,-0.0049999999999997165,11,55
256592,-4046.2063853912155,0.007029999999999959,11,56
332670,-4824.332440493961,0.030039999999999623,11,57
104185,-1079.1215817205214,0.04426999999999986,11,58
148144,1945.5770370120363,0.03524000000000029,11,59
200361,-1945.5770370120363,0.01756999999999991,12,0
175798,1870.7956469201647,-0.0025399999999997647,12,1
150520,1245.8507172237178,-0.009880000000000068,12,2
149603,622.5221416498173,-0.010760000000000148,12,3
131744,1865.9563380101217,-0.021000000000000088,12,4
121446,621.4495210841164,-0.01799999999999997,12,5
138113,-621.4495210841164,-0.011999999999999745,12,6
190816,-1554.7959699571124,-0.0009999999999998012,12,7
119993,933.0786404095903,0.0055000000000003275,12,8
115679,1243.1668506316385,0.0010000000000001564,12,9
42568,0.0,-0.005499999999999616,12,10
70008,-621.4495210841164,-0.007000000000000384,12,11
50567,621.4495210841164,-0.0030000000000001137,12,12
51008,-621.4495210841164,0.0019999999999996024,12,13
82000,-1865.9563380101217,0.00799999999999983,12,14
83302,-1245.3130172351835,0.014000000000000058,12,15
84442,1120.8300764886658,0.01339999999999968,12,16
249898,-5487.910291610554,0.02420000000000009,12,17
251675,-2501.4224574144705,0.03299999999999983,12,18
171728,-626.0338743881988,0.036800000000000214,12,19
159735,-532.3424671086485,0.0343,12,20
116730,1784.1386765677926,0.00785000000000018,12,21
365033,1250.7109937107684,-0.007999999999999475,12,22
114638,-625.2199625000899,-0.010849999999999938,12,23
102249,-1251.2533662816238,-0.00470000000000006,12,24
141709,-607.2489050081842,0.0069399999999998135,12,25
223403,1545.7906539637634,0.005969999999999587,12,26
165208,-3444.3088415665457,0.010499999999999688,12,27
129574,3131.529427681912,0.0010300000000000864,12,28
144709,3748.884848906897,-0.015440000000000254,12,29
136843,1247.4666068111874,-0.0259999999999998,12,30
167727,1246.388881747329,-0.0379999999999999,12,31
112198,622.7908755853662,-0.026000000000000512,12,32
142495,1866.761150112417,-0.018999999999999774,12,33
131839,-1244.2390084626,-0.011999999999999745,12,34
112847,622.2536395315003,-0.007000000000000029,12,35
62446,0.0,-0.0030000000000001137,12,36
101988,-1867.5666567666838,0.006999999999999673,12,37
53254,0.0,0.007000000000000029,12,38
94102,-1246.388881747329,0.013000000000000256,12,39
47793,934.8925962040511,0.008999999999999985,12,40
58960,-2182.3592030152386,0.00849999999999973,12,41
96364,1241.231956170985,0.006019999999999826,12,42
106922,-2802.0836078122,0.010510000000000375,12,43
116746,711.957810797692,0.012220000000000298,12,44
90656,-1024.3308857198485,0.009350000000000237,12,45
52092,-937.525240978232,0.013480000000000204,12,46
42979,1562.2037702831549,0.0021399999999996313,12,47
126180,-1874.8476204377696,0.006279999999999931,12,48
128794,1874.8476204377696,-0.0015000000000004122,12,49
82604,1560.5139876173623,-0.010000000000000142,12,50
175021,2804.6785737849686,-0.01950000000000003,12,51
100260,311.29464807033713,-0.028000000000000115,12,52
120904,1555.4665020420798,-0.024999999999999648,12,53
44719,-621.9853689310994,-0.016000000000000014,12,54
93822,1865.1522195627379,-0.01149999999999949,12,55
71881,-621.4495210841164,-0.008999999999999985,12,56
77467,-310.8251742904855,-0.0029999999999997585,12,57
142483,2795.0187125647117,-0.010499999999999688,12,58
97848,-620.647478227987,-0.00799999999999983,12,59
210133,2480.989503755637,-0.01750000000000007,13,0
55015,-1512.8960290011762,-0.013120000000000687,13,1
85758,-1589.0080704750176,0.0024399999999996425,13,2
52326,2420.057196419911,-0.0007999999999999119,13,3
127707,-2420.057196419911,0.008660000000000423,13,4
92327,-2486.3341628043045,0.013119999999999977,13,5
44632,621.9853689310994,0.013899999999999935,13,6
112761,-2489.5520256977834,0.024799999999999756,13,7
49255,622.7908755853662,0.014999999999999859,13,8
87579,-1869.179757332695,0.0129999999999999,13,9
65851,623.3290401089776,0.0120000000000001,13,10
48075,1862.1489669286007,-0.0019799999999996487,13,11
55245,-1239.0891252902493,-0.0019899999999996253,13,12
99486,1867.5666567666838,-0.0110000000000003,13,13
77886,1865.1522195627379,-0.01501000000000019,13,14
102394,621.1819432415666,-0.01601999999999997,13,15
74514,620.9145957205565,-0.019999999999999574,13,16
131876,1650.333168728757,-0.01731999999999978,13,17
33892,-409.30510003889253,-0.011660000000000538,13,18
135293,1859.542737647324,-0.014000000000000058,13,19
120404,0.0,-0.012340000000000018,13,20
233139,3100.102695927198,-0.017699999999999605,13,21
95598,-624.434922593231,-0.019009999999999395,13,22
178591,-618.5187837033368,-0.010000000000000142,13,23
67611,0.0,-0.003990000000000294,13,24
86840,618.5187837033368,0.0030200000000000673,13,25
113458,0.0,-0.0009999999999998012,13,26
208159,-612.3322830706712,-0.0010199999999997544,13,27
55514,-525.9472840730695,0.0026700000000001722,13,28
185941,3609.7063657694052,-0.006160000000000565,13,29
83132,-1235.1841858011526,-0.00899000000000072,13,30
50939,-463.4668479823745,-0.008320000000000506,13,31
99767,-154.5220416936388,-0.002930000000000277,13,32
36832,0.0,0.007000000000000384,13,33
100804,-618.2537231484986,0.004250000000000753,13,34
53407,-1856.3524425569967,0.009500000000000243,13,35
62041,-136.22656401501843,0.01244000000000014,13,36
25046,-483.0887667619521,0.0132200000000001,13,37
111197,2475.667773333967,0.0010000000000001564,13,38
56431,-717.5064019024901,-0.006899999999999906,13,39
51474,-1758.161371431477,-0.0012800000000002143,13,40
67644,0.0,0.003999999999999915,13,41
45663,1857.1489896306302,0.004839999999999733,13,42
14532,-1237.83365885366,0.0006799999999998363,13,43
49573,1237.83365885366,-0.007000000000000384,13,44
98843,2472.4856795206306,-0.014000000000000058,13,45
39254,-1853.9668958172938,-0.007999999999999475,13,46
27416,0.0,-0.006999999999999318,13,47
36558,618.2537231484986,-0.0009999999999998012,13,48
44412,-618.2537231484986,0.005000000000000071,13,49
15501,618.2537231484986,-0.0020000000000003127,13,50
67980,-18.543757233757674,-0.0019400000000004526,13,51
96608,-1837.0128212481518,0.0050300000000000015,13,52
34512,1861.737777926642,0.0009799999999998477,13,53
37081,1229.5319732240628,-0.0040399999999998215,13,54
77125,617.4599028083705,-0.01106000000000016,13,55
42173,617.1957488314561,-0.016990000000000196,13,56
113426,0.0,-0.009979999999999834,13,57
46791,616.9318207707164,-0.007000000000000029,13,58
66367,-308.432933486813,-0.00400000000000027,13,59
211447,2157.647082274394,-0.008500000000000797,14,0
74628,0.0,-0.011000000000000655,14,1
111985,-1849.2141487875813,-0.0035000000000000144,14,2
70421,-1234.1275696021726,0.006000000000000227,14,3
105225,-1235.1841858011526,0.019000000000000128,14,4
57002,308.89520316890184,0.01700000000000017,14,5
44323,-920.7028934001826,0.011480000000000247,14,6
50700,1538.294958006503,0.0019900000000006913,14,7
63979,-1544.4761574512356,0.0010000000000005115,14,8
52874,-618.2537231484986,0.005010000000000403,14,9
66542,-618.5187837033368,0.007519999999999883,14,10
134690,-1237.83365885366,0.014999999999999503,14,11
101802,-1307.0668240322548,0.0152199999999997,14,12
108263,1307.0668240322548,0.01010999999999953,14,13
50429,-1238.8966333585217,0.00799999999999983,14,14
26364,929.272200173692,0.0008899999999997022,14,15
36058,928.6740204084153,-0.005719999999999815,14,16
82918,618.7840716300741,-0.006999999999999673,14,17
42818,-1237.83365885366,-0.006499999999999773,14,18
41545,0.0,0.0,14,19
17164,1237.83365885366,-3.552713678800501e-16,14,20
48817,-2012.0193714960876,0.004499999999999816,14,21
111504,-470.9080776725827,0.005269999999999797,14,22
78395,1245.0937903150107,0.004009999999999891,14,23
77759,2474.606165705495,-0.005249999999999844,14,24
91923,-618.2537231484986,-0.014509999999999225,14,25
27479,-1237.302855333411,-0.009019999999999228,14,26
37593,618.7840716300741,-0.0009999999999998012,14,27
32511,618.5187837033368,0.0030000000000001137,14,28
48101,1236.242612824512,-0.006000000000000583,14,29
21001,-308.9613548343806,-0.010000000000000142,14,30
34080,-2164.584113323542,0.0005000000000002558,14,31
30076,-619.0495872235857,0.009999999999999787,14,32
53715,0.0,0.014499999999999957,14,33
8717,-1238.8966333585217,0.013999999999999346,14,34
35992,619.5813025815511,0.005999999999999873,14,35
34702,309.69089759214086,0.0019999999999999575,14,36
35370,309.6244331848297,-0.0015000000000000568,14,37
47112,0.0,-0.005000000000000071,14,38
24726,0.0,-0.0025000000000002134,14,39
41069,-619.3153307769705,0.0010000000000005115,14,40
40448,619.3153307769705,0.0010000000000001564,14,41
24344,-613.1208612885075,0.0019800000000003595,14,42
51453,303.49642810367783,0.0009899999999998244,14,43
120335,-1239.1626623013963,0.0035000000000000144,14,44
20856,-309.957040808051,0.007510000000000261,14,45
38001,-310.0236481010654,0.007519999999999883,14,46
22240,310.0236481010654,0.006000000000000227,14,47
141301,-2587.638659190539,0.009339999999999548,14,48
84145,-515.5998805914663,0.013670000000000116,14,49
57394,621.1819432415666,0.0120000000000001,14,50
72243,1036.7779218283247,0.004489999999999839,14,51
100557,2374.950089691907,-0.014010000000000035,14,52
128342,619.4482881296537,-0.020500000000000542,14,53
107860,-929.272200173692,-0.014830000000000254,14,54
84648,0.0,-0.0061600000000002104,14,55
21123,0.0,0.0024999999999998582,14,56
40682,0.0,0.0030000000000001137,14,57
26155,0.0,0.0,14,58
11373,-309.8904621277043,0.0010000000000005115,14,59
82907,-1550.451563399946,0.006500000000000484,15,0
70545,310.22364185506746,0.00800000000000054,15,1
29212,-930.8711200830544,0.010000000000000498,15,2
45282,211.0501016616695,0.007319999999999638,15,3
88123,1650.0918991582125,-0.0028400000000001315,15,4
65871,619.8475029357553,-0.00800000000000054,15,5
82152,619.5813025815511,-0.013660000000000139,15,6
57825,-619.5813025815511,-0.009319999999999952,15,7
61106,0.0,-0.0020000000000003127,15,8
48790,619.5813025815511,-0.0009999999999998012,15,9
36525,-1859.542737647324,0.0049999999999997165,15,10
19680,620.1139321300175,0.00400000000000027,15,11
28250,1047.3870580689493,0.0006200000000003314,15,12
22967,-117.71564308915572,-0.0016899999999999693,15,13
47199,-929.6714149797936,-0.003499999999999659,15,14
50271,0.0,0.0016899999999999693,15,15
42975,-1240.494522591895,0.00887999999999991,15,16
32624,1860.3420255276503,0.0029999999999997585,15,17
16368,384.1717514578846,-0.004240000000000421,15,18
6044,-384.1717514578846,-0.0056200000000004025,15,19
70085,619.5813025815511,-0.00799999999999983,15,20
93052,0.0,-0.0023799999999994273,15,21
69023,619.3153307769705,-0.0037599999999997635,15,22
67117,0.0,-0.005000000000000071,15,23
30296,-1852.5443428218935,0.0029799999999998053,15,24
51624,613.6477094633719,0.0049899999999997394,15,25
56144,1238.8966333585217,0.0019999999999999575,15,26
53681,1237.83365885366,-0.006990000000000052,15,27
50023,377.32799953626994,-0.015200000000000102,15,28
74157,-383.51452669793673,-0.010589999999999834,15,29
51025,-1231.647131691993,9.999999999976696e-06,15,30
71614,-613.1208612885075,0.008590000000000231,15,31
59663,613.1208612885075,0.008200000000000074,15,32
100386,-1238.8966333585217,0.007979999999999876,15,33
41145,619.5813025815511,0.0030100000000000907,15,34
93807,-1239.4288055173065,0.0050200000000000244,15,35
91301,-620.1139321300175,0.008999999999999985,15,36
83264,620.1139321300175,0.005000000000000071,15,37
113895,1858.7441362942768,-0.0020000000000003127,15,38
71426,0.0,-0.010000000000000142,15,39
38307,-1238.8966333585217,-0.007000000000000029,15,40
46022,0.0,-3.552713678800501e-16,15,41
48854,0.0,0.005999999999999873,15,42
86485,-619.8475029357553,0.006000000000000227,15,43
55320,929.6714149797936,3.552713678800501e-16,15,44
123912,1195.2965973698326,-0.005359999999999943,15,45
73693,971.6097827983106,-0.011430000000000008,15,46
46513,0.0,-0.013500000000000158,15,47
64888,309.2925386249945,-0.009569999999999725,15,48
210845,1545.468857902854,-0.009639999999999916,15,49
218417,-1854.7613965278488,-0.0030000000000001137,15,50
39889,618.5187837033368,-0.0014999999999997017,15,51
102410,-927.8776443055747,0.003999999999999915,15,52
128885,927.8776443055747,0.004500000000000526,15,53
154540,618.2537231484986,-0.003999999999999915,15,54
139777,-1236.7725068518353,-0.0005000000000002558,15,55
152079,-618.7840716300741,0.0020000000000003127,15,56
126326,1237.302855333411,0.0030000000000001137,15,57
151736,-927.8776443055747,0.003999999999999915,15,58
249715,309.35886060223794,-0.0005000000000002558,15,59
511337,3089.9455823290014,-0.011000000000000655,16,0
898242,-4978.067318359258,0.002599999999999625,9,31
231133,-2448.9505817095746,0.016050000000000255,9,32
261459,3718.288246109758,0.014000000000000413,9,33
181090,-3724.493399415607,0.021970000000000312,9,34
500847,-5589.257740213682,0.025910000000000013,9,35
425356,1245.3130172351835,0.028999999999999915,9,36
247708,1244.2390084626,0.02898999999999994,9,37
213930,-1244.2390084626,0.00998000000000019,9,38
235836,4350.1498762843485,-0.01799999999999997,9,39
127437,-1241.5620739485435,-0.015000000000000215,9,40
224769,0.0,-0.0110000000000003,9,41
110446,-621.1819432415666,-0.005999999999999873,9,42
140180,3103.238539782005,-0.0029999999999997585,9,43
85976,0.0,-0.011999999999999745,9,44
162617,0.0,-0.0129999999999999,9,45
220473,-6213.166540526061,0.009999999999999433,9,46
188542,-3116.6463641438822,0.03999999999999951,9,47
157545,1559.1647912129858,0.03999999999999986,9,48
116502,1557.4815729308966,0.022499999999999788,9,49
253580,-4052.954698288147,0.008000000000000186,9,50
143093,2183.7749409554517,0.0,9,51
128893,-1871.6046398585818,0.010000000000000142,9,52
147235,-2186.611934494209,0.018500000000000582,9,53
258567,-1789.2381175803607,0.018220000000000524,9,54
329009,1163.8826500997013,0.02135999999999996,9,55
176875,2805.7246578718778,0.0010199999999997544,9,56
212754,3747.027141294268,-0.025350000000000608,9,57
236083,1250.9969624243668,-0.039240000000000566,9,58
131395,-1250.9969624243668,-0.029020000000000226,9,59
156092,3768.3723566352965,-0.024139999999999873,10,0
366387,7877.9810080193965,-0.04160999999999966,10,1
338551,2604.132241289747,-0.06075999999999944,10,2
252681,-1844.622423267772,-0.05695999999999977,10,3
252306,3052.5278497668396,-0.03902999999999999,10,4
238450,-1207.9054264990673,-0.010399999999999566,10,5
216295,1848.424392369097,-0.00899000000000001,10,6
203032,-1232.0197511233032,-0.00901999999999994,10,7
245086,-1850.0045803557796,0.00691999999999986,10,8
231834,-3707.1413311604574,0.02099999999999973,10,9
115144,1236.7725068518353,0.026999999999999958,10,10
93248,-618.2537231484986,0.020000000000000285,10,11
123811,-2475.667773333967,0.01700000000000017,10,12
110471,1238.3649180005564,0.007000000000000384,10,13
124470,3091.269751150705,-0.0019999999999999575,10,14
74423,-1235.7131726687953,-0.009000000000000341,10,15
90828,-618.2537231484986,-0.010999999999999944,10,16
136703,-4335.210510981291,0.012999999999999547,10,17
189800,-1241.0280686898645,0.03200000000000003,10,18
147837,2474.7923467991486,0.021019999999999685,10,19
134596,-2164.4352323635376,0.01500999999999948,10,20
133799,2170.6323893200265,-0.0045000000000001705,10,21
186634,619.5813025815511,-0.01001000000000012,10,22
116513,619.3153307769705,-0.008519999999999684,10,23
51012,-2478.8580684242943,-0.005000000000000071,10,24
93724,4236.265323561916,-0.006679999999999709,10,25
79778,-2376.7225859145924,-0.0028399999999997763,10,26
62683,-2479.9233281092015,0.007000000000000384,10,27
118243,0.0,0.009840000000000161,10,28
146882,-3105.9108678217485,0.02967999999999975,10,29
117581,4346.4053904136435,0.008999999999999985,10,30
115640,-620.1139321300175,-0.00400000000000027,10,31
47668,3097.9076556478803,-0.01799999999999997,10,32
201808,2473.5454681579226,-0.03400000000000034,10,33
129174,617.724282992782,-0.026999999999999958,10,34
143520,617.4599028083705,-0.026999999999999958,10,35
106181,1234.1275696021726,-0.018000000000000328,10,36
68375,616.6681183392698,-0.012999999999999547,10,37
164153,-616.6681183392698,-0.008999999999999985,10,38
124653,1233.0727595850633,-0.00799999999999983,10,39
131499,1847.6353102352405,-0.0110000000000003,10,40
194011,1845.272100922557,-0.019000000000000128,10,41
88827,0.0,-0.021999999999999534,10,42
103715,-614.8284946618787,-0.0129999999999999,10,43
131525,1223.2507113862923,-0.0069800000000000756,10,44
87837,-1223.2507113862923,0.0010099999999994226,10,45
102481,614.8284946618787,0.0,10,46
218384,190.54364254778022,-0.0016299999999993986,10,47
218463,-3267.3096645030596,0.010670000000000002,10,48
117296,-616.141389202518,0.014999999999999859,10,49
86018,2462.988290726109,0.010309999999999776,10,50
60857,836.459069682327,-0.0010999999999999233,10,51
103101,1008.0266376313318,-0.017359999999999688,10,52
158951,1228.3483423098928,-0.021000000000000088,10,53
295572,0.0,-0.013640000000000187,10,54
155834,-1228.3483423098928,-0.005280000000000129,10,55
53333,0.0,0.0019999999999999575,10,56
61387,-1229.3950815438493,0.009999999999999787,10,57
43305,0.0,0.009999999999999787,10,58
83745,307.4469997548235,0.005000000000000071,10,59
54049,921.9480817890258,-0.0004999999999999006,11,0
64706,0.0,-0.005999999999999873,11,1
134448,1228.3483423098928,-0.009499999999999887,11,2
150915,0.0,-0.008999999999999985,11,3
85270,2220.654338212391,-0.013240000000000052,11,4
88717,-1606.8721375530615,-0.009620000000000318,11,5
61157,-926.9116992829396,1.999999999959812e-05,11,6
101597,-300.91394154130313,0.00613000000000028,11,7
49629,0.0,0.011240000000000805,11,8
46438,632.460706109228,0.002430000000000732,11,9
54693,-632.460706109228,-4.9999999999528205e-05,11,10
60848,614.0434401649131,-0.0020000000000003127,11,11
53862,-614.0434401649131,2.9999999999930083e-05,11,12
76262,-3074.1435899495073,0.012059999999999606,11,13
74565,1537.8906060155018,0.010999999999999588,11,14
53046,915.8037116314688,0.0065199999999997265,11,15
50113,-1223.2507113862923,0.002009999999999579,11,16
27842,0.0,-0.0035000000000000144,11,17
116044,1229.3950815438493,-0.001010000000000133,11,18
13810,-1229.3950815438493,0.001980000000000004,11,19
53162,-1230.4436062606783,0.003999999999999915,11,20
27260,-523.2564770478732,0.009700000000000132,11,21
20172,523.2564770478732,0.010849999999999938,11,22
74736,1230.4436062606783,0.0,11,23
43529,129.13572017847486,-0.007269999999999755,11,24
51963,-129.13572017847486,-0.00791000000000004,11,25
64382,1229.3950815438493,-0.00799999999999983,11,26
107276,0.0,-0.005790000000000007,11,27
32640,-614.5665868819706,-0.003579999999999828,11,28
28175,350.33503700976354,-0.0021399999999996313,11,29
134000,-965.1635316716422,0.004429999999999978,11,30
55434,-615.0906257698097,0.007000000000000029,11,31
29413,615.0906257698097,0.0045699999999996525,11,32
115118,1536.5802292786057,-0.0018599999999999286,11,33
29827,-307.18514773475647,-0.0074999999999999295,11,34
22098,614.3049021449798,-0.009999999999999787,11,35
54742,614.0434401649131,-0.00849999999999973,11,36
24747,0.0,-0.005000000000000071,11,37
134973,2453.5635860818415,-0.0129999999999999,11,38
101990,612.7394617019277,-0.01600000000000037,11,39
97128,612.4793303143861,-0.016999999999999817,11,40
115323,0.0,-0.013999999999999702,11,41
57477,0.0,-0.0049999999999997165,11,42
37101,-612.4793303143861,0.0,11,43
23530,612.4793303143861,0.0009999999999998012,11,44
121085,-1838.2186061627337,0.005999999999999517,11,45
135265,-2454.607212100335,0.016000000000000014,11,46
74893,-614.3049021449798,0.021000000000000088,11,47
81609,1228.3483423098928,0.016999999999999817,11,48
67915,-607.9017118976183,0.00697999999999972,11,49
14839,-6.141728267294866,-0.001010000000000133,11,50
68147,1841.346824167367,-0.006999999999999673,11,51
56979,613.2603879329679,-0.00899000000000001,11,52
170373,-1840.5637719354218,-0.005979999999999919,11,53
98003,-921.1631945751365,0.0029999999999997585,11,54
56215,-307.18514773475647,0.0125,11,55
64130,0.0,0.0120000000000001,11,56
69284,1842.1305429692225,-0.0015000000000004122,11,57
24194,0.0,-0.00800000000000054,11,58
38125,1226.781571276092,-0.013000000000000256,11,59
21780,-613.2603879329679,-0.009999999999999787,12,0
28345,0.0,-0.0029999999999994033,12,1
59042,-920.3796426282552,0.002000000000000668,12,2
33393,920.3796426282552,0.0035000000000003696,12,3
21351,-613.5211833431242,0.0019999999999996024,12,4
2864,306.79320495963225,0.0004999999999995453,12,5
78030,919.9883663164599,-0.004500000000000526,12,6
16114,-306.5976083984623,-0.0029999999999997585,12,7
39977,723.4658189547715,-0.006359999999999389,12,8
56148,196.13160359011061,-0.005679999999999553,12,9
27306,-919.5974225448822,-0.0004999999999995453,12,10
60695,919.5974225448822,-0.0018200000000000217,12,11
217014,1225.2187920163137,-0.004639999999999845,12,12
83528,0.0,-0.0074999999999999295,12,13
26326,-1225.2187920163137,-0.005000000000000071,12,14
70490,1531.3609769078696,-0.0030000000000004693,12,15
53149,-918.6215152059418,0.0014999999999993465,12,16
26278,-1219.607988235616,0.004979999999999408,12,17
16003,453.64298968042505,0.003989999999999583,12,18
34982,147.09682782498845,0.006270000000000309,12,19
61962,-1220.131493051113,0.00502000000000038,12,20
74499,-613.5211833431242,0.005770000000000053,12,21
46484,1226.781571276092,0.004489999999999839,12,22
9177,-613.2603879329679,0.0029799999999998053,12,23
19389,613.2603879329679,-0.0030000000000001137,12,24
35133,612.9998141464199,-0.005999999999999517,12,25
15109,-612.9998141464199,-0.0019999999999999575,12,26
9044,0.0,-0.0020000000000003127,12,27
37385,1225.7392758483477,-0.0030000000000001137,12,28
57431,-612.7394617019277,-0.0019999999999999575,12,29
12430,-306.4673491905978,-0.0019999999999996024,12,30
20690,306.4673491905978,-0.0004999999999995453,12,31
73540,1837.438211722997,-0.003999999999999915,12,32
107736,-612.2194197066833,-0.0074999999999999295,12,33
9381,-612.4793303143861,-0.005000000000000071,12,34
35943,-612.7394617019277,0.0019999999999999575,12,35
52629,-1226.260202079388,0.0120000000000001,12,36
45017,1226.260202079388,0.007000000000000029,12,37
18707,306.4022610841377,0.0009999999999998012,12,38
45475,-306.4022610841377,-0.0025000000000002134,12,39
29146,-612.9998141464199,-0.0020000000000003127,12,40
14811,612.9998141464199,0.0015000000000000568,12,41
12278,306.4022610841377,0.0,12,42
54997,918.8165309321761,-0.005499999999999972,12,43
94877,618.3403021022826,-0.010019999999999741,12,44
43868,299.8914298961708,-0.009509999999999864,12,45
83097,-734.5386255108722,-0.005099999999999483,12,46
30438,-281.6723276115596,0.0010300000000000864,12,47
24766,97.97922112397828,0.0036800000000003054,12,48
34972,0.0,0.0033000000000001253,12,49
16836,269.4085526124823,-0.0004400000000000404,12,50
45560,-575.6157151513008,0.00023999999999979593,12,51
44556,612.3493474303743,-0.0005000000000006111,12,52
46125,-2144.3607910542896,0.005939999999999302,12,53
53373,306.5324649558221,0.008379999999999655,12,54
36173,306.4673491905978,0.006000000000000227,12,55
26267,612.7394617019277,0.0020000000000003127,12,56
34576,-612.7394617019277,-0.003499999999999659,12,57
42471,919.0116294774953,-0.003999999999999915,12,58
28096,-306.27216777556754,-0.0025000000000002134,12,59
32232,0.0,-0.0010000000000001564,13,0
81670,-1838.9996637813156,0.004499999999999816,13,1
48846,0.0,0.010000000000000142,13,2
26466,1838.9996637813156,0.0030000000000001137,13,3
11011,-612.7394617019277,-0.0009999999999998012,13,4
71316,1837.438211722997,-0.0120000000000001,13,5
9680,0.0,-0.0120000000000001,13,6
9027,-606.0959393190401,-0.00501999999999967,13,7
57606,-618.6028107020292,-0.001010000000000133,13,8
12182,251.14797576364367,0.005180000000000362,13,9
38192,55.12419201192387,0.0036000000000001365,13,10
36818,306.2071625388185,-0.00047999999999994716,13,11
94424,612.2194197066833,-0.004589999999999961,13,12
177671,1223.6599892956335,-0.008680000000000377,13,13
16269,-348.6373628476258,-0.008859999999999956,13,14
223637,2182.183520542225,-0.01343000000000032,13,15
203514,-1222.1051479537336,-0.009000000000000341,13,16
132371,2443.175928329211,-0.011570000000000392,13,17
140728,1220.0381622555767,-0.0171400000000002,13,18
148699,-609.8901130311418,-0.01199999999999939,13,19
64162,1219.5225078572846,-0.014999999999999859,13,20
90025,-1829.6705570817196,-0.0010000000000001564,13,21
54466,-1831.9939488904424,0.010999999999999944,13,22
45448,916.2877671551328,0.010999999999999944,13,23
61833,305.29997804951137,0.009500000000000598,13,24
23628,-604.5566512584699,0.001980000000000004,13,25
56281,-623.1416322606265,0.0005099999999998772,13,26
84349,-1118.664473420239,0.008689999999999998,13,27
50927,-97.84797744494256,0.010849999999999938,13,28
71255,-1223.6599892956335,0.012010000000000076,13,29
35642,-1831.3095287298963,0.01612000000000009,13,30
66122,294.14617055323333,0.014330000000000355,13,31
31252,61.27290430946175,0.011330000000000241,13,32
14250,251.191703846132,0.0034199999999998455,13,33
25427,-606.6107787088271,-0.0005100000000002325,13,34
59302,1090.4910166242844,-0.002020000000000266,13,35
87077,1346.65992914762,-0.007589999999999719,13,36
26479,-526.2719714114183,-0.008239999999999982,13,37
66514,226.44286666118063,-0.00832000000000015,13,38
28141,305.9474173037202,-0.003929999999999723,13,39
22752,-611.9597295954904,0.0011099999999999,13,40
89715,-2787.698979063613,0.009860000000000113,13,41
41542,1563.0002290425437,0.010549999999999572,13,42
18703,-919.2068108925255,0.010999999999999588,13,43
79969,-919.79285288879,0.008950000000000102,13,44
74361,613.2603879329679,0.0018999999999998352,13,45
52275,-1226.781571276092,0.00849999999999973,13,46
27428,1226.781571276092,0.0019999999999996024,13,47
15431,612.9998141464199,-0.003999999999999915,13,48
22644,318.65699808530934,-0.006039999999999779,13,49
116885,-1544.917200164697,-0.0035199999999996124,13,50
16248,919.79285288879,0.0010000000000001564,13,51
42960,-306.5324649558221,0.003019999999999712,13,52
22292,337.18212962785543,0.0009400000000002962,13,53
48938,-1563.9637009039475,0.0019499999999997187,13,54
14321,613.5211833431242,0.005000000000000071,13,55
59681,1226.260202079388,-0.0004499999999996618,13,56
13935,-306.4673491905978,-0.0028999999999999916,13,57
30950,-306.5324649558221,-0.005499999999999972,13,58
24795,-613.2603879329679,0.0009999999999998012,13,59
6594,0.0,0.005499999999999972,14,0
25445,613.2603879329679,0.0019999999999999575,14,1
30470,606.8711051181452,-0.0029799999999998053,14,2
41163,-606.8711051181452,-0.003990000000000294,14,3
15845,612.9998141464199,-0.003999999999999915,14,4
29456,-306.4673491905978,-0.0010099999999997778,14,5
5287,306.4673491905978,-0.0005199999999998539,14,6
26273,-612.9998141464199,0.0,14,7
29734,269.75200781986786,0.001619999999999422,14,8
14498,343.24780632655205,-0.0004400000000000404,14,9
8557,0.0,-0.0009999999999998012,14,10
13751,612.7394617019277,-0.004559999999999675,14,11
21133,0.0,-0.004119999999999991,14,12
35239,-612.7394617019277,-0.0010000000000001564,14,13
8302,0.0,0.0010000000000001564,14,14
4232,612.7394617019277,0.0010000000000001564,14,15
19509,-612.7394617019277,0.0010000000000001564,14,16
53499,-612.9998141464199,0.0019999999999996024,14,17
44487,0.0,0.0039999999999995595,14,18
14031,674.2854725265702,0.0027999999999998694,14,19
5786,551.4538033217775,-0.0031000000000002362,14,20
54560,0.0,-0.005999999999999873,14,21
21358,-1225.7392758483477,-0.0009000000000000341,14,22
36766,1225.7392758483477,0.00019999999999988918,14,23
14985,-919.2068108925255,0.0030000000000001137,14,24
47392,-919.79285288879,0.0055000000000003275,14,25
9542,0.0,0.005000000000000427,14,26
30946,-613.5211833431242,0.009499999999999887,14,27
62966,6.136503499121204,0.005979999999999564,14,28
39100,-6.136503499121204,0.0029899999999994267,14,29
23941,613.5211833431242,0.0,14,30
23680,521.2879467348941,-0.004689999999999728,14,31
20945,-521.2879467348941,-0.0038299999999996007,14,32
51283,-1227.3033840024539,0.0020000000000003127,14,33
233165,-1842.9149291918634,0.01285000000000025,14,34
110231,-307.38149490705524,0.017700000000000316,14,35
89281,-1537.8906060155018,0.019499999999999674,14,36
81772,307.7092985730445,0.013999999999999702,14,37
63053,307.6436819178241,0.005999999999999873,14,38
42365,307.57809324288843,0.0010000000000005115,14,39
77609,-1538.5466328456941,0.0010000000000005115,14,40
33359,615.6155591119373,0.0029999999999997585,14,41
34441,-338.55604907984116,0.004599999999999583,14,42
20778,258.54087998933295,0.002809999999999491,14,43
142944,-2075.7895412035764,0.005129999999999768,14,44
54856,308.1694000588442,0.008950000000000102,14,45
29952,-616.4046412457935,0.009770000000000324,14,46
73219,-616.6681183392698,0.010240000000000294,14,47
73398,616.6681183392698,0.0030000000000004693,14,48
58564,0.0,0.0020000000000003127,14,49
60806,486.98151086679076,-0.0025800000000003823,14,50
21645,-480.81616061779187,-0.002809999999999846,14,51
134834,-629.0014810934608,0.002009999999999579,14,52
46179,622.8361308444619,0.0018000000000000683,14,53
83058,616.4046412457935,-0.000409999999999755,14,54
14523,-147.91309683381826,-0.003509999999999991,14,55
37693,-1085.159662751245,-0.0007799999999999586,14,56
27531,308.3670078831702,0.0029999999999997585,14,57
45785,-567.4462406490832,0.006099999999999994,14,58
28378,413.2709756463626,0.0034400000000001543,14,59
30473,160.34193291325494,-0.0007699999999996266,15,0
161254,302.1344425455652,-0.0019299999999997652,15,1
52721,0.0,-0.0035899999999998047,15,2
59781,924.5082282980377,-0.004990000000000095,15,3
47700,-1337.6467263306324,-0.0011400000000001854,15,4
128459,-820.4614410773913,0.004669999999999774,15,5
114678,-1234.6556516398266,0.011499999999999844,15,6
31519,617.4599028083705,0.012329999999999687,15,7
24178,388.86409459681914,0.004399999999999693,15,8
112028,-1624.0482803979717,0.004369999999999408,15,9
56769,617.724282992782,0.0019999999999999575,15,10
30197,617.4599028083705,0.0016300000000001092,15,11
87321,3083.3417183897536,-0.010740000000000194,15,12
63295,615.8783619207852,-0.021999999999999888,15,13
68675,615.6155591119373,-0.02200000000000024,15,14
76250,307.7092985730445,-0.016999999999999817,15,15
23246,307.6436819178241,-0.007499999999999574,15,16
59423,0.0,-0.0049999999999997165,15,17
42388,-615.3529804908686,-0.0004999999999999006,15,18
171357,3461.02141655269,-0.009260000000000447,15,19
123865,847.0843177201814,-0.016650000000000633,15,20
72525,-6.136503499121204,-0.01901000000000046,15,21
77451,920.1839628776298,-0.018369999999999467,15,22
34162,-306.6627795345056,-0.006229999999999337,15,23
82182,98.13918175805014,-0.0032999999999994145,15,24
58525,2047.132649798833,-0.008659999999999713,15,25
83078,-919.0116294774953,-0.006500000000000128,15,26
61205,-612.9998141464199,-0.0038400000000002876,15,27
44464,0.0,0.00081999999999951,15,28
30898,612.9998141464199,0.003999999999999915,15,29
43305,-6.12870902827467,-0.0009799999999998477,15,30
49427,312.5309701124124,-0.003989999999999938,15,31
31610,-306.4022610841377,-0.0024999999999998582,15,32
43532,-612.9998141464199,0.0019899999999996253,15,33
31108,612.9998141464199,0.0014800000000001036,15,34
15772,612.7394617019277,-0.0009999999999998012,15,35
126681,-612.7394617019277,-0.0019999999999999575,15,36
41324,612.7394617019277,-0.003999999999999915,15,37
152594,875.7655199467251,-0.004860000000000042,15,38
152483,1878.3461167499738,-0.011429999999999652,15,39
100950,-305.7528973799961,-0.014499999999999957,15,40
72352,611.4410097408652,-0.012570000000000192,15,41
62457,0.0,-0.007640000000000669,15,42
146540,916.6759013616854,-0.005000000000000071,15,43
146908,-1833.9346209685914,-0.0004999999999999006,15,44
101046,311.93340288471205,0.0034800000000004164,15,45
46289,299.6372043613249,0.003490000000000393,15,46
111641,-305.7528973799961,0.003999999999999915,15,47
133176,1839.654083125808,-0.007010000000000006,15,48
58859,201.54703367403215,-0.009170000000000301,15,49
90360,-513.0842056972895,-0.007339999999999947,15,50
83414,-611.0525465716776,-0.002489999999999881,15,51
208611,-2752.9437735331894,0.013860000000000384,15,52
40629,306.14218489155576,0.01717999999999975,15,53
191668,-306.14218489155576,0.014999999999999859,15,54
203965,-1225.2187920163137,0.013000000000000256,15,55
239614,-612.9998141464199,0.00849999999999973,15,56
115318,-306.5976083984623,0.0110000000000003,15,57
139416,827.6640532969282,0.005799999999999983,15,58
230171,-1134.3268328314339,0.0031500000000001197,15,59
568202,-1227.3033840024539,0.006500000000000128,16,0
674786,-2457.743423853742,0.016849999999999456,9,31
187981,-5545.279245683155,0.03969999999999949,9,32
270610,2467.2003291872356,0.03499999999999979,9,33
174288,-924.7057517018931,0.02600000000000016,9,34
216891,-2505.847492627389,0.01862000000000066,9,35
204435,-611.6924004100355,0.010660000000000381,9,36
332627,-5231.591994054874,0.03504999999999967,9,37
235378,1239.9614350657728,0.03243999999999936,9,38
301113,-4966.252893349399,0.03732999999999969,9,39
312576,-621.9853689310994,0.03689999999999998,9,40
470427,-1244.7757811813176,0.026999999999999958,9,41
288628,-622.7908755853662,0.026999999999999958,9,42
277185,3943.950747716585,-0.0016800000000003479,9,43
170142,-1454.3987220188014,-0.007339999999999592,9,44
192297,3105.9108678217485,-0.019999999999999574,9,45
230384,620.3805904618775,-0.022660000000000124,9,46
223353,-3962.614310915491,-0.000560000000000116,9,47
379530,-3493.383431115937,0.017359999999999688,9,48
226146,236.8957379532688,0.033210000000000406,9,49
183311,-866.7288329498035,0.031230000000000757,9,50
580319,-3715.9945191547195,0.02615000000000052,9,51
389935,-1426.4845380838053,0.02582000000000022,9,52
378385,143.96373774872018,0.02700999999999958,9,53
388931,1876.4733287817137,0.012049999999999984,9,54
259735,1874.035822148734,-0.011129999999999996,9,55
140073,2239.401346300518,-0.025640000000000288,9,56
164196,-716.9786415257562,-0.023470000000000015,9,57
154753,2212.135114279867,-0.020420000000000018,9,58
185766,-1862.9531791960474,-0.008399999999999963,9,59
121144,2865.0862881320904,-0.008579999999999898,10,0
144420,-995.9065307993953,-0.008730000000000616,10,1
177731,-3116.6463641438822,0.006979999999999365,10,2
144926,-624.1380330473944,0.012600000000000123,10,3
141135,-624.4081642110543,0.023199999999999932,10,4
102172,-312.30545438276636,0.017000000000000525,10,5
290897,-31.23426408535579,0.006600000000000251,10,6
124039,3462.881562646736,-0.00744999999999969,10,7
132833,0.0,-0.015499999999999403,10,8
236542,0.0,-0.016549999999999798,10,9
143268,-1246.9275114082025,-0.007099999999999796,10,10
94812,-1510.2246820735131,0.01083999999999996,10,11
204379,-362.189650696898,0.014419999999999433,10,12
149769,-624.6785293049229,0.014999999999999503,10,13
187750,-6.248151428245308,0.009599999999999654,10,14
142785,630.9266807331682,0.002169999999999561,10,15
221690,0.0,-0.0010000000000001564,10,16
206951,-3126.1009867193934,0.006989999999999697,10,17
338574,0.0,0.012979999999999948,10,18
709917,-3760.2845985205136,0.02700000000000067,10,19
248818,-772.0703636007187,0.030460000000000778,10,20
218629,-1111.7536788916027,0.025230000000000176,10,21
636580,-3460.0791576799847,0.031999999999999675,10,22
220129,314.8957866674351,0.023269999999999416,10,23
825655,0.0,0.01853999999999978,10,24
265407,-1890.4065262859149,0.01550000000000047,10,25
140768,630.4107772976408,0.006000000000000227,10,26
208700,3141.6394532275403,-0.003980000000000317,10,27
247916,1891.7543690095683,-0.017989999999999996,10,28
261498,1883.0044538136192,-0.03200000000000003,10,29
237335,-3139.7075305674703,-0.018009999999999592,10,30
117619,-1257.7987203767905,0.003980000000000317,10,31
122192,-1258.8962761181933,0.018999999999999774,10,32
308606,-1052.0206295376865,0.025339999999999918,10,33
309029,-2415.619071102881,0.022669999999999746,10,34
229968,-3406.392522800061,0.03127999999999958,10,35
210652,1827.4331434673386,0.0252200000000002,10,36
127658,0.0,0.015160000000000552,10,37
123187,315.9301536523884,0.0011100000000002553,10,38
163019,0.0,-0.007280000000000087,10,39
13802,0.0,-0.0015000000000007674,10,40
519447,-2529.3805135886414,0.006999999999999318,10,41
148877,2213.4503599362533,0.005000000000000427,10,42
106734,0.0,0.0015000000000007674,10,43
118633,1256.9919430589493,-0.006479999999999819,10,44
168487,-3470.4423029952027,-0.001990000000000336,10,45
146080,949.0374473717367,0.007499999999999574,10,46
104106,1264.4129125645165,0.003990000000000294,10,47
62817,-948.2057790490828,0.0034800000000004164,10,48
265040,2842.749768825037,-0.013499999999999802,10,49
157987,1261.6485639114217,-0.01700000000000017,10,50
96201,315.2398222727726,-0.01750000000000043,10,51
41745,-315.2398222727726,-0.015499999999999759,10,52
1741343,630.4107772976408,-0.006000000000000227,11,5
134522,1694.4390937201347,-0.007879999999999754,11,6
179659,-1127.304824127151,-0.006489999999999796,11,7
87043,-2143.678018316386,0.0021000000000000797,11,8
81101,946.1329714257615,0.007190000000000297,11,9
135802,2519.991978515712,0.0012799999999995038,11,10
70862,-2715.4752666573854,-0.0010799999999999699,11,11
49483,-1697.4035448154013,0.0033099999999993916,11,12
103581,-625.1980682172587,0.014979999999999905,11,13
150496,-1080.5261295185887,0.02308000000000021,11,14
81471,442.41847700554615,0.01208000000000027,11,15
171288,1263.3057207303011,0.001010000000000133,11,16
83370,-631.5145825892544,-0.0026800000000001493,11,17
53887,-1263.8590741618216,-0.0004000000000001336,11,18
107711,-632.3449765437417,0.007000000000000029,11,19
188916,-1265.5220468404948,0.015000000000000568,11,20
111271,0.0,0.013000000000000256,11,21
250504,-1266.6331286741438,0.0120000000000001,11,22
167673,1671.7209760299668,0.004720000000000013,11,23
40932,227.81193945142775,-0.0026400000000002424,11,24
174591,-2850.2380839148245,0.003999999999999915,11,25
321266,316.97133839259095,0.006139999999999546,11,26
165365,-285.2710705214534,0.012179999999999325,11,27
81900,919.0049005622925,0.005949999999999989,11,28
58791,-633.733830040839,-0.0020000000000003127,11,29
160449,1267.1894015294783,-0.004449999999999932,11,30
78830,614.1862732471636,-0.007839999999999847,11,31
138190,651.8910707455916,-0.008970000000000056,11,32
117599,-1899.5329154813944,-0.0039999999999995595,11,33
207411,-3171.4566319402948,0.013970000000000482,11,34
120653,1269.419387565307,0.017940000000000466,11,35
80503,-317.2501477077816,0.01600000000000037,11,36
133744,1268.5822236493393,0.0015000000000000568,11,37
80786,-951.3320759415578,-0.005499999999999972,11,38
131156,-951.9598107781135,0.0024999999999995026,11,39
156363,-317.4595767871935,0.005999999999999873,11,40
161176,0.0,0.008999999999999985,11,41
182444,-965.5063066862368,0.0075400000000001915,11,42
940199,-2543.897966378772,0.013560000000000372,11,43
258161,649.1201842671046,0.014519999999999556,11,44
123204,-2438.894732495811,0.01963999999999935,11,45
2008010,-1702.6639318595826,0.021769999999999713,11,58
147894,-1915.5059785287422,0.023460000000000394,11,59
98720,-1278.4183742065024,0.028670000000000685,12,0
437874,1278.4183742065024,0.016340000000000642,12,1
145146,632.3981737175188,0.004019999999999868,12,2
119134,644.8883558327623,-0.006990000000000763,12,3
77715,-638.5019094663492,-0.00800000000000054,12,4
120550,-638.7846200839319,-9.999999999976696e-06,12,5
96773,-639.0675811642766,0.005980000000000274,12,6
168526,-319.63997934880695,0.008999999999999985,12,7
164484,2682.7773478297345,-0.0019000000000001906,12,8
381739,4014.8351804685235,-0.021700000000000587,12,9
226120,-636.5299202704123,-0.028500000000000015,12,10
290797,0.0,-0.024299999999999856,12,11
175615,1590.7985302288098,-0.014599999999999724,12,12
133748,635.8285871499447,-0.007499999999999574,12,13
200762,-1271.937522009381,-0.006500000000000128,12,14
159030,636.1089348594362,-0.003999999999999915,12,15
94826,-1049.7301961214234,0.004299999999999571,12,16
50319,-1177.87922102508,0.009650000000000249,12,17
113299,-3188.2776310467875,0.018499999999999874,12,18
141965,0.0,0.023849999999999483,12,19
64347,-638.5019094663492,0.020700000000000076,12,20
105559,2552.313873807499,0.005000000000000071,12,21
104401,-1275.592515362689,-0.004999999999999361,12,22
76741,-2554.5735596930185,0.00400000000000027,12,23
81137,1916.3541107145577,0.0039999999999995595,12,24
65337,-1916.3541107145577,0.012999999999999547,12,25
75708,0.0,0.00799999999999983,12,26
79890,-6.392105613706178,0.0030200000000000673,12,27
96601,-632.9586874285199,0.008010000000000517,12,28
78746,1917.2029942904346,-0.0029999999999997585,12,29
96403,0.0,-0.006009999999999849,12,30
55304,1914.6585967364515,-0.01302000000000021,12,31
76455,1275.028842061765,-0.019000000000000485,12,32
88920,-630.998435280361,-0.013019999999999855,12,33
53808,630.998435280361,-0.011009999999999921,12,34
141887,2228.5925840019872,-0.010999999999999944,12,35
166755,1589.746762393318,-0.01648999999999994,12,36
117802,0.0,-0.019979999999999977,12,37
71290,317.73924605627,-0.015499999999999403,12,38
98851,-953.4277519964718,-0.0035000000000000144,12,39
104143,-1272.2179315520775,0.006999999999999318,12,40
148666,-636.5299202704123,0.01149999999999949,12,41
132690,-643.1804155075938,0.014020000000000012,12,42
195894,-2224.684773596941,0.017010000000000858,12,43
109658,-957.2233288599464,0.018500000000000228,12,44
143449,-638.5019094663492,0.0189899999999998,12,45
139359,0.0,0.01447999999999965,12,46
98155,-1917.2029942904346,0.0120000000000001,12,47
188691,-1919.7541633655392,0.01700000000000017,12,48
407234,-1281.256781272333,0.021999999999999534,12,49
131400,3194.6160056373074,0.011019999999999898,12,50
183592,2562.099842757348,-0.010990000000000322,12,51
92778,-1277.286529550281,-0.01899999999999942,12,52
88872,-319.4984047798499,-0.01500999999999948,12,53
105192,-2238.4721959998187,0.006480000000000175,12,54
26845,1273.1572875726015,0.012020000000000409,12,55
84482,6.394939000564648,0.005509999999999949,12,56
82000,0.0,0.0010000000000001564,12,57
43452,537.0737045149453,-0.00569000000000024,12,58
90817,741.3446696915571,-0.004860000000000042,12,59
191665,-645.4596867779827,-0.003980000000000317,13,0
89473,-632.9586874285199,-0.0001500000000000057,13,1
42452,-639.6342560508472,0.005679999999999907,13,2
39536,-639.917970522319,0.009989999999999812,13,3
77841,1918.9030196153922,0.001980000000000004,13,4
76050,-639.350793042226,-0.0019999999999999575,13,5
129705,-959.557761273544,-0.0010000000000001564,13,6
151073,-640.0599221612069,0.003499999999999659,13,7
53660,320.0654568615846,0.008500000000000086,13,8
62131,2238.4721959998187,-0.0024999999999998582,13,9
58040,-958.9199694266526,-0.006999999999999318,13,10
70777,0.0,-0.006999999999999673,13,11
42044,-639.6342560508472,-0.0005000000000002558,13,12
68656,0.0,0.005999999999999517,13,13
39635,-6.397774899191688,0.0030199999999993565,13,14
79808,646.0320309500389,9.999999999976696e-06,13,15
64164,-639.6342560508472,-0.0009999999999998012,13,16
60154,0.0,-9.999999999976696e-06,13,17
82223,1918.0526302573498,-0.00501999999999967,13,18
89648,638.7846200839319,-0.008999999999999985,13,19
67367,0.0,-0.011999999999999745,13,20
66192,-1603.8857025897357,-0.003980000000000317,13,21
14451,-952.9515477515461,0.008509999999999351,13,22
45738,-403.1152385692849,0.01325999999999965,13,23
94508,-236.80273195303414,0.012120000000000176,13,24
92717,-1280.6880919908892,0.009980000000000544,13,25
293604,-320.3497383852394,0.009370000000000189,13,26
180968,4159.008431155798,-0.004759999999999565,13,27
59606,-1278.4183742065024,-0.009999999999999787,13,28
111842,-639.6342560508472,-0.010500000000000044,13,29
79341,1278.9850490930733,-0.008000000000000186,13,30
136299,2548.192762562351,-0.00698000000000043,13,31
68460,644.3180354223089,-0.01799000000000035,13,32
112941,-1020.8350264164778,-0.01579999999999977,13,33
87707,382.8977881248363,-0.007409999999999784,13,34
101287,319.0038798814854,-1.999999999959812e-05,13,35
45977,-957.2233288599464,0.0028999999999999916,13,36
100191,-319.2156315465766,0.0027999999999998694,13,37
13997,319.2156315465766,0.0039999999999995595,13,38
177592,2869.7667475610087,-0.006000000000000227,13,39
134438,2228.100892116558,-0.02099999999999973,13,40
103936,-636.2492014426734,-0.0230000000000004,13,41
109899,636.2492014426734,-0.018499999999999874,13,42
55079,-1272.7791217130857,-0.0030000000000001137,13,43
45028,318.30006547028944,0.00400000000000027,13,44
38098,324.5937359599438,0.0014800000000001036,13,45
166548,1265.8540503922566,-0.003010000000000446,13,46
97283,6.358271757100908,-0.008520000000000394,13,47
42953,-6.358271757100908,-0.007000000000000384,13,48
157016,-1272.2179315520775,1.999999999995339e-05,13,49
27786,1272.2179315520775,0.002009999999999934,13,50
120359,336.9497943808142,-0.0010399999999997078,13,51
31370,-1189.2117716998384,0.00015000000000036097,13,52
52588,-419.9559542330533,0.0013400000000000746,13,53
30449,-318.2298548001228,0.0075300000000002145,13,54
121140,2861.5448209023953,-0.0017800000000001148,13,55
70490,1269.9781109599685,-0.014679999999999895,13,56
169949,628.2257550811465,-0.020479999999999523,13,57
81592,323.52471872520994,-0.018990000000000153,13,58
271224,405.8891834342049,-0.009779999999999945,13,59
86204,1178.967661534358,-0.009149999999999991,14,0
124328,-1902.0372443749877,-0.0025199999999998115,14,1
119408,0.0,0.002140000000000697,14,2
58618,634.2910811731883,0.0032800000000001717,14,3
107893,634.0123331609605,0.0009999999999994458,14,4
37691,-634.0123331609605,-0.0040000000000006255,14,5
194234,-1268.86115557312,0.0019999999999996024,14,6
175784,-1905.3866395699615,0.013000000000000256,14,7
98206,762.4566587516313,0.014600000000000436,14,8
126376,508.0806676529548,0.007800000000000296,14,9
64673,1320.172937759878,-0.004159999999999897,14,10
38236,1553.4634660818724,-0.015940000000000155,14,11
89789,2197.3531435799387,-0.022130000000000295,14,12
43251,0.0,-0.02192000000000043,14,13
73918,-949.4538288645771,-0.012310000000000088,14,14
130960,-633.3165338263668,-0.0004399999999996851,14,15
83874,-316.7625527904505,0.008500000000000441,14,16
135845,-1267.7461632017994,0.0115000000000002,14,17
91478,-6.341530601083889,0.009519999999999841,14,18
59636,640.3538637620443,0.005009999999999338,14,19
106896,-2537.7228018994556,0.008999999999999985,14,20
54606,634.8493131653754,0.006990000000000052,14,21
20021,-1263.6254387254908,0.010960000000000037,14,22
54774,311.2466776205025,0.009990000000000165,14,23
58529,952.3787611049884,-0.0005000000000002558,14,24
47823,634.5700743999316,-0.003989999999999583,14,25
29698,-634.5700743999316,-0.006479999999999819,14,26
111353,-2541.075145510163,0.0049999999999997165,14,27
36275,1264.7443343416498,0.009019999999999584,14,28
57174,-629.055828401448,0.010009999999999764,14,29
127849,-1271.657236049606,0.009000000000000341,14,30
54960,947.4910967037786,0.0020100000000002893,14,31
50042,641.9053854020973,0.0014900000000004354,14,32
128944,-1608.4798760553908,0.0015599999999999171,14,33
143779,-2062.4937580651094,0.00805999999999969,14,34
87972,171.9871433838449,0.014750000000000086,14,35
71865,1266.9768979565176,0.009990000000000165,14,36
47770,6.3639092315881385,-0.0003199999999999648,14,37
74149,0.0,-0.00654000000000039,14,38
12748,318.15967509896126,-0.005010000000000759,14,39
90553,-2865.966148992705,0.007479999999999976,14,40
24207,-554.7441514552886,0.013740000000000308,14,41
130029,-739.990839964122,0.017430000000000234,14,42
97088,19.14247605672159,0.015030000000000144,14,43
42179,1275.592515362689,0.0011300000000002087,14,44
97013,-1275.592515362689,0.0002300000000005298,14,45
58570,0.0,-5.9999999999860167e-05,14,46
183547,-1596.078314013205,0.006999999999999673,14,47
85503,-1597.8460387220393,0.016499999999999914,14,48
183904,-869.9720283882328,0.01772000000000027,14,49
46830,-409.5801981849334,0.0178600000000003,14,50
131398,742.2785105646312,0.008680000000000021,14,51
157172,-102.36054004231221,0.001479999999999393,14,52
153643,-1280.1199073146918,0.0022799999999993047,14,53
75281,1280.1199073146918,0.00015999999999962713,14,54
122449,1278.9850490930733,-0.0036799999999999502,14,55
43403,-639.350793042226,-0.005999999999999517,14,56
33038,390.0376856416088,-0.008219999999999316,14,57
84624,249.31310740061718,-0.003609999999999758,14,58
74078,-1278.9850490930733,0.0029999999999997585,14,59
101848,-1280.1199073146918,0.007609999999999318,15,0
138709,640.2019367923729,0.009219999999999829,15,1
64846,-128.01766199288522,0.0074000000000001625,15,2
158097,1682.525453287731,-0.0036599999999996414,15,3
77894,-1554.5077912948457,-0.0044299999999996235,15,4
138960,639.917970522319,-0.002200000000000202,15,5
110729,-6.397774899191688,-0.0009500000000002729,15,6
75284,-1593.9296669431612,0.006869999999999977,15,7
154551,-961.0492467446718,0.00849999999999973,15,8
183674,-320.4920686048496,0.012990000000000279,15,9
138400,961.2626946786662,0.007980000000000232,15,10
67194,-640.7706260738166,0.0019999999999996024,15,11
71829,640.7706260738166,-0.0024999999999998582,15,12
99660,-961.2626946786662,0.0,15,13
694957,-2245.440205643767,0.010500000000000398,15,14
122079,0.0,0.013000000000000612,15,15
163774,1283.5365979091407,0.009500000000000243,15,16
114989,-436.27433016979467,0.0023599999999998292,15,17
302462,-2774.710838853167,0.004679999999999396,15,18
107685,642.7690197154946,0.008999999999999632,15,19
99697,1284.6795513983266,0.007319999999999993,15,20
99059,-642.1967793066585,0.0016400000000000858,15,21
78538,-963.8314850555219,-0.0019999999999999575,15,22
144748,-867.9992262994318,0.006199999999999761,15,23
144864,-739.8188838187991,0.01284999999999954,15,24
100211,1929.1668230820846,0.0045000000000001705,15,25
172737,-1285.824542236469,0.001150000000000162,15,26
66383,-643.3422808456157,0.0012999999999998126,15,27
272847,-643.6292950340317,0.005000000000000071,15,28
154074,643.6292950340317,0.007999999999999475,15,29
120499,1845.6230432546406,-0.0037399999999998103,15,30
188780,1368.2233312257708,-0.013869999999999294,15,31
55004,0.0,-0.01699999999999946,15,32
189869,1924.8769244919472,-0.01812999999999967,15,33
160409,1281.8259758304862,-0.017260000000000275,15,34
285872,-320.3497383852394,-0.014000000000000413,15,35
211517,-2886.3531619371943,-0.0015000000000000568,15,36
118876,641.9110410185169,0.008999999999999985,15,37
97987,-320.9198191163054,0.012499999999999645,15,38
184374,-963.18800120887,0.010499999999999688,15,39
121678,552.3064374663988,0.0022800000000000155,15,40
88531,1373.4269397494004,-0.0013599999999993175,15,41
75539,-1283.5365979091407,-0.0019999999999992467,15,42
90104,-642.1967793066585,-0.000140000000000029,15,43
97245,642.1967793066585,0.0027199999999997005,15,44
114329,648.3287093104195,0.0019799999999996487,15,45
343160,-2575.777280424241,0.003989999999999583,15,46
233333,321.4203067516408,0.005999999999999873,15,47
66301,469.1450885152548,0.007049999999999557,15,48
178101,-1433.62091778787,0.00879000000000012,15,49
142987,643.0555225209744,0.0015000000000000568,15,50
223854,-643.0555225209744,0.00423000000000009,15,51
215072,0.0,0.004460000000000264,15,52
145828,321.5635900728486,3.552713678800501e-16,15,53
185351,642.9122391997666,-0.0014999999999997017,15,54
278772,-1607.8181101182308,0.0004999999999995453,15,55
386216,2250.443974145533,-0.0035000000000000144,15,56
202715,-2250.443974145533,0.0019999999999996024,15,57
282809,-965.5516529214481,0.00799999999999983,15,58
536550,-321.9942075389781,0.009000000000000341,15,59
660875,643.9165654263945,0.010999999999999944,16,0
1526120,-10985.860786885127,0.03550000000000075,9,31
432384,10341.944221458732,0.017000000000000525,9,32
368307,-2185.0181827272054,0.0077799999999999874,9,33
226112,-3629.6671172655338,0.007410000000000139,9,34
311044,-7124.370407505687,0.017009999999999793,9,35
315004,-1950.906370161043,0.06260999999999939,9,36
619320,-8478.00050772829,0.07918999999999983,9,37
800625,-3283.165504610608,0.07997000000000015,9,38
527966,-656.2179057372219,0.062000000000000104,9,39
355423,-2627.8605460383633,0.05200999999999994,9,40
625985,-9235.390738903781,0.05301999999999936,9,41
339826,-2649.578413948639,0.06399999999999935,9,42
398319,2616.488698677699,0.0541000000000004,9,43
576488,1356.0563745889099,0.02405000000000044,9,44
316173,330.55219319511053,-0.010999999999999588,9,45
332823,-2315.457400895227,-0.008549999999999613,9,46
291875,2639.325087228528,-0.0030799999999999274,9,47
339014,667.334716717427,-0.004489999999999839,9,48
260581,2639.8818727040307,-0.016000000000000014,9,49
265139,659.2163883896162,-0.025010000000000334,9,50
293714,1317.529809275797,-0.021020000000000396,9,51
265724,-3296.083318317322,-0.007000000000000029,9,52
256139,-2642.2993482979605,0.014999999999999859,9,53
353982,-2647.147606699818,0.030999999999999875,9,54
230719,9901.857956686299,0.003999999999999915,9,55
312876,2629.0577496830283,-0.03299999999999983,9,56
336625,-4603.999934740699,-0.034999999999999434,9,57
400351,7883.599075833025,-0.044999999999999575,9,58
179352,-3936.4145591695988,-0.0110000000000003,9,59
216028,5246.169565959136,-0.020000000000000285,10,0
187439,-2345.302847509778,-0.022840000000000416,10,1
254458,-4215.395320455784,0.011579999999999658,10,2
284235,1971.3440200836985,0.008000000000000186,10,3
245482,0.0,0.017420000000000258,10,4
246993,4589.354147881863,-0.010159999999999414,10,5
204199,2942.6084689951895,-0.03599999999999994,10,6
367173,-2288.1765952700307,-0.02750000000000057,10,7
268437,2536.3889369254266,-0.024760000000000205,10,8
184319,1377.4553403269606,-0.014359999999999928,10,9
215502,-1952.3279439672692,-0.004989999999999384,10,10
107029,-1961.5163332851182,0.0008800000000000808,10,11
209736,-654.4318737251587,0.015749999999999886,10,12
159559,-1394.9302528200037,0.022240000000000038,10,13
247535,-3200.990569272477,0.025150000000000006,10,14
103408,1017.4779405733858,0.019930000000000447,10,15
84589,-2022.531385385662,0.02041000000000004,10,16
141152,-959.723901060805,0.017269999999999543,10,17
940167,-986.6830710967279,0.0135199999999994,10,18
244528,-2964.104539539214,0.024039999999999753,10,19
149900,-1319.337120651909,0.02492000000000019,10,20
122815,0.0,0.0225000000000005,10,21
203102,1319.337120651909,0.0110000000000003,10,22
130881,1318.1316959789413,-0.005999999999999873,10,23
170312,1974.942185057671,-0.01799999999999997,10,24
92459,-658.0137130667297,-0.017000000000000525,10,25
121650,414.5836168687467,-0.011260000000000759,10,26
83579,572.3244418351925,-0.006630000000000181,10,27
204975,1643.3479859685463,-0.0074999999999999295,10,28
262711,1969.5498497691588,-0.01736999999999931,10,29
122519,2621.8908459156864,-0.026239999999999954,10,30
133873,-1310.3498093265387,-0.0220000000000006,10,31
88602,0.0,-0.012000000000000455,10,32
79835,1965.078679600829,-0.008000000000000186,10,33
162264,1308.567020224416,-0.008999999999999276,10,34
113147,326.9563846037826,-0.01599999999999966,10,35
95152,-326.9563846037826,-0.012499999999999645,10,36
151077,-3273.645699825245,0.005999999999999517,10,37
94044,-2624.275468281034,0.023499999999999945,10,38
130735,3279.5991410923266,0.018000000000000328,10,39
170934,982.4277130672243,0.003999999999999915,10,40
193805,-2293.3728654139786,-0.004499999999999816,10,41
231316,583.517699326741,-0.0057800000000003855,10,42
223973,2691.6143335347087,-0.003390000000000271,10,43
220009,0.0,-0.008000000000000186,10,44
113208,-2619.5105533259875,-0.006110000000000327,10,45
103125,2626.0533731417013,-0.004240000000000066,10,46
170917,3737.6386515308723,-0.011469999999999559,10,47
348779,2783.8615261499554,-0.02972999999999928,10,48
190968,-1955.3132076728375,-0.0319899999999997,10,49
120016,3257.3846326000576,-0.025250000000000484,10,50
265250,-650.888818118922,-0.012540000000000618,10,51
295332,-1954.4302481762088,0.0,10,52
121083,651.770980540256,3.552713678800501e-16,10,53
83852,1302.6592676359528,0.00400000000000027,10,54
100213,-358.1140604369537,-0.0018999999999998352,10,55
118060,2309.9002082602738,-0.013450000000000274,10,56
207704,-650.3020353019195,-0.010999999999999944,10,57
90230,-325.26097328311465,-0.005550000000000211,10,58
142173,-2278.8824068742388,0.004399999999999693,10,59
96378,-1303.836546845183,0.01799999999999997,11,0
199942,-1957.9668794325044,0.023499999999999945,11,1
113332,-1306.7890756603972,0.02600000000000016,11,2
136119,836.4813574992525,0.01644000000000041,11,3
200547,3732.111144438832,-0.0032799999999998165,11,4
73057,-3261.8034262776873,-0.007000000000000029,11,5
81215,-1960.6277638919423,0.0012800000000002143,11,6
136836,-654.1351464992573,0.014559999999999818,11,7
96616,-1964.1868805146955,0.028000000000000115,11,8
123385,982.4277130672243,0.014999999999999859,11,9
142939,-327.40157655197777,0.007499999999999574,11,10
151437,1636.2653913342128,-0.0019999999999999575,11,11
108314,-327.10464733476385,-0.008000000000000186,11,12
48902,-654.4318737251587,-0.0029999999999997585,11,13
56449,0.0,-0.0004999999999995453,11,14
47640,-327.3272937223126,0.005000000000000071,11,15
160083,2289.7330021782736,-0.0035000000000000144,11,16
31415,-1307.9738347308023,-0.005000000000000427,11,17
51433,1307.9738347308023,-0.007500000000000284,11,18
201561,-2617.134578730251,0.0009999999999998012,11,19
52120,1309.160743999449,0.005999999999999873,11,20
41472,1961.5163332851182,-0.0039999999999995595,11,21
39061,0.0,-0.006999999999999318,11,22
65183,2611.213456538586,-0.02099999999999973,11,23
81269,-652.3604184813792,-0.016000000000000014,11,24
46045,0.0,-0.009000000000000341,11,25
67923,991.4712936573977,-0.008040000000000092,11,26
144433,2918.273757424039,-0.011520000000000153,11,27
182727,650.5952944024784,-0.020000000000000285,11,28
74414,0.0,-0.019480000000000077,11,29
90717,-325.26097328311465,-0.010960000000000037,11,30
370190,3573.8438385637396,-0.011499999999999844,11,31
209269,0.0,-0.015000000000000215,11,32
79060,648.8396965176335,-0.017499999999999717,11,33
138351,648.548017614381,-0.01599999999999966,11,34
141566,-2595.9431941418034,0.0019999999999999575,11,35
77203,649.4238421117516,0.005000000000000071,11,36
139397,-1299.140151624023,0.010999999999999944,11,37
39705,649.7163095122716,0.008999999999999985,11,38
90860,0.0,0.0009999999999998012,11,39
95116,-649.7163095122716,0.0029999999999997585,11,40
49331,-650.0090404566449,0.0029999999999997585,11,41
104740,0.0,0.005999999999999873,11,42
59508,6.501540289249874,0.004979999999999762,11,43
146935,643.5075001673952,-9.999999999976696e-06,11,44
31628,-643.5075001673952,-0.0010199999999997544,11,45
31062,643.5075001673952,-0.0019999999999996024,11,46
157291,-2601.7951882799653,0.0060200000000001815,11,47
78586,-325.5545632425694,0.012009999999999722,11,48
96456,-325.62804356572883,0.012520000000000309,11,49
101600,-1303.2476413679105,0.015000000000000215,11,50
41456,-652.0655663049268,0.010500000000000044,11,51
190840,-652.3604184813792,0.0120000000000001,11,52
145979,3258.8562329625147,-3.552713678800501e-16,11,53
95297,-924.7669732657116,-0.007160000000000367,11,54
