year,month,day,hour,minute,open,close,low,high,volume
2019,3,6,12,19,142.7100,142.6800,142.6700,142.7100,2626
2019,3,6,12,20,142.6400,142.6250,142.6250,142.6500,6499
2019,3,6,12,21,142.6500,142.6600,142.6500,142.6600,2860
2019,3,6,12,22,142.6500,142.6500,142.6500,142.6500,637
2019,3,6,12,23,142.6600,142.5800,142.5800,142.6600,6094
2019,3,6,12,24,142.6600,142.6300,142.6300,142.6700,10483
2019,3,6,12,25,142.5793,142.5450,142.5400,142.5793,5789
2019,3,6,12,26,142.5600,142.5380,142.5380,142.5600,3969
2019,3,6,12,27,142.5400,142.5600,142.5201,142.5600,7791
2019,3,6,12,28,142.5101,142.4700,142.4700,142.5101,11165
2019,3,6,12,29,142.5200,142.5200,142.5200,142.5200,4441
2019,3,6,12,30,142.5100,142.5100,142.5100,142.5100,1458
2019,3,6,12,31,142.5800,142.5900,142.5700,142.5900,13345
2019,3,6,12,32,142.5900,142.5900,142.5900,142.5900,1152
2019,3,6,12,33,142.5900,142.5800,142.5800,142.5900,6841
2019,3,6,12,34,142.5900,142.6000,142.5900,142.6200,4019
2019,3,6,12,35,142.6450,142.6600,142.6450,142.6600,1936
2019,3,6,12,36,142.6600,142.6600,142.6600,142.6600,3063
2019,3,6,12,37,142.7100,142.7100,142.6699,142.7100,15208
2019,3,6,12,38,142.7200,142.7200,142.7200,142.7200,315
2019,3,6,12,39,142.7200,142.7100,142.7100,142.7200,1806
2019,3,6,12,40,142.6800,142.6600,142.6600,142.6800,2401
2019,3,6,12,41,142.6400,142.6400,142.6400,142.6500,8387
2019,3,6,12,42,142.6100,142.6100,142.6100,142.6100,1281
2019,3,6,12,43,142.6400,142.6500,142.6400,142.6500,4723
2019,3,6,12,44,142.6200,142.6200,142.6200,142.6200,877
2019,3,6,12,45,142.6061,142.5951,142.5951,142.6061,4784
2019,3,6,12,46,142.6036,142.6299,142.5700,142.6299,9092
2019,3,6,12,47,142.5900,142.5900,142.5900,142.5900,627
2019,3,6,12,48,142.5759,142.5759,142.5759,142.5759,1808
2019,3,6,12,49,142.5400,142.4700,142.4700,142.5400,4691
2019,3,6,12,50,142.5000,142.5000,142.5000,142.5000,758
2019,3,6,12,51,142.5400,142.5400,142.5400,142.5400,2124
2019,3,6,12,52,142.6138,142.5800,142.5800,142.6138,3585
2019,3,6,12,53,142.5200,142.5000,142.5000,142.5200,1519
2019,3,6,12,54,142.4572,142.4572,142.4572,142.4572,5735
2019,3,6,12,55,142.4400,142.4300,142.4300,142.4400,5013
2019,3,6,12,56,142.4600,142.4200,142.4200,142.4600,5801
2019,3,6,12,57,142.4250,142.4201,142.4201,142.4250,3729
2019,3,6,12,58,142.4640,142.4640,142.4640,142.4640,3561
2019,3,6,12,59,142.4400,142.4400,142.4400,142.4400,1634
2019,3,6,13,0,142.4100,142.4100,142.4100,142.4100,1894
2019,3,6,13,1,142.4450,142.4200,142.4200,142.4450,3132
2019,3,6,13,2,142.4438,142.4399,142.4399,142.4550,3283
2019,3,6,13,3,142.4401,142.4058,142.4058,142.4401,5406
2019,3,6,13,4,142.4135,142.4135,142.4135,142.4135,1179
2019,3,6,13,5,142.4200,142.3900,142.3900,142.4200,3463
2019,3,6,13,6,142.3700,142.3500,142.3500,142.3700,3705
2019,3,6,13,7,142.3800,142.3500,142.3500,142.3800,6033
2019,3,6,13,8,142.3700,142.3300,142.3300,142.3700,2972
2019,3,6,13,9,142.3400,142.3460,142.3400,142.3460,3253
2019,3,6,13,10,142.3282,142.3282,142.3282,142.3282,1662
2019,3,6,13,11,142.3699,142.3600,142.3600,142.3699,5230
2019,3,6,13,12,142.3800,142.3590,142.3590,142.3800,2866
2019,3,6,13,13,142.3600,142.3500,142.3500,142.3600,8576
2019,3,6,13,14,142.3800,142.3800,142.3800,142.3800,892
2019,3,6,13,15,142.3800,142.3864,142.3800,142.3864,2980
2019,3,6,13,16,142.3400,142.3400,142.3400,142.3400,1004
2019,3,6,13,17,142.3200,142.3500,142.3200,142.3500,3104
2019,3,6,13,18,142.4100,142.4350,142.4100,142.4350,2367
2019,3,6,13,19,142.4800,142.4800,142.4800,142.4800,487
2019,3,6,13,20,142.4900,142.4900,142.4900,142.4900,1099
2019,3,6,13,21,142.4300,142.4200,142.4200,142.4300,46540
2019,3,6,13,22,142.4000,142.3900,142.3900,142.4000,3796
2019,3,6,13,23,142.3500,142.3599,142.3500,142.3599,2399
2019,3,6,13,24,142.3600,142.3499,142.3499,142.3600,4859
2019,3,6,13,25,142.3300,142.3500,142.3300,142.3500,2785
2019,3,6,13,26,142.3000,142.3500,142.3000,142.3500,2190
2019,3,6,13,27,142.3500,142.3935,142.3500,142.3935,3678
2019,3,6,13,29,142.3438,142.3000,142.3000,142.3699,16510
2019,3,6,13,30,142.3300,142.3428,142.3200,142.3428,44428
2019,3,6,13,31,142.3900,142.4000,142.3900,142.4100,27181
2019,3,6,13,32,142.4100,142.4100,142.4100,142.4100,1527
2019,3,6,13,33,142.4200,142.4100,142.4100,142.4264,5036
2019,3,6,13,34,142.4600,142.4760,142.4600,142.4760,1746
2019,3,6,13,35,142.4700,142.4700,142.4700,142.4700,750
2019,3,6,13,36,142.4800,142.4400,142.4400,142.4800,2627
2019,3,6,13,37,142.4300,142.4100,142.4100,142.4300,10900
2019,3,6,13,38,142.4100,142.4100,142.4100,142.4100,1694
2019,3,6,13,39,142.4400,142.5000,142.4400,142.5000,4834
2019,3,6,13,40,142.5800,142.6300,142.5800,142.6300,12569
2019,3,6,13,41,142.6072,142.6100,142.6072,142.6100,3701
2019,3,6,13,42,142.6000,142.5899,142.5899,142.6000,13035
2019,3,6,13,43,142.5600,142.5719,142.5364,142.5719,8427
2019,3,6,13,44,142.5800,142.5800,142.5800,142.5800,2658
2019,3,6,13,45,142.5600,142.5600,142.5600,142.5600,2924
2019,3,6,13,46,142.5200,142.5200,142.5200,142.5200,1749
2019,3,6,13,47,142.5400,142.5400,142.5400,142.5400,812
2019,3,6,13,48,142.5100,142.4900,142.4900,142.5100,3161
2019,3,6,13,49,142.4500,142.4600,142.4500,142.4600,4175
2019,3,6,13,50,142.4663,142.4663,142.4663,142.4663,712
2019,3,6,13,51,142.4301,142.4562,142.4301,142.4562,3243
2019,3,6,13,52,142.4700,142.4700,142.4700,142.4700,1099
2019,3,6,13,53,142.4658,142.4658,142.4658,142.4658,1655
2019,3,6,13,54,142.4700,142.5040,142.4700,142.5040,4880
2019,3,6,13,55,142.5100,142.5100,142.5100,142.5100,1062
2019,3,6,13,56,142.5932,142.6200,142.5932,142.6200,3338
2019,3,6,13,57,142.6000,142.6000,142.6000,142.6000,4549
2019,3,6,13,58,142.6047,142.6047,142.6047,142.6047,1555
2019,3,6,13,59,142.6700,142.6900,142.6700,142.6900,3030
2019,3,6,14,0,142.6800,142.6900,142.6800,142.6900,1885
2019,3,6,14,1,142.6900,142.6700,142.6700,142.7100,13311
2019,3,6,14,2,142.6763,142.7100,142.6763,142.7100,3206
2019,3,6,14,3,142.7100,142.7100,142.7100,142.7100,2853
2019,3,6,14,4,142.7200,142.7200,142.7200,142.7200,761
2019,3,6,14,5,142.7300,142.7401,142.7300,142.7401,8787
2019,3,6,14,6,142.7000,142.7100,142.7000,142.7100,3008
2019,3,6,14,7,142.6900,142.6700,142.6600,142.7000,11232
2019,3,6,14,8,142.6400,142.6350,142.6350,142.6400,4144
2019,3,6,14,9,142.6550,142.6500,142.6500,142.6550,2320
2019,3,6,14,10,142.6300,142.6550,142.6300,142.6550,4249
2019,3,6,14,11,142.6500,142.6600,142.6500,142.6600,8185
2019,3,6,14,12,142.7049,142.7300,142.7049,142.7300,2800
2019,3,6,14,13,142.7301,142.7543,142.7301,142.7543,4985
2019,3,6,14,14,142.7499,142.7499,142.7499,142.7499,1688
2019,3,6,14,15,142.7500,142.7100,142.7100,142.7500,5330
2019,3,6,14,16,142.7000,142.6697,142.6697,142.7000,12075
2019,3,6,14,17,142.6700,142.6400,142.6400,142.6700,13187
2019,3,6,14,18,142.6876,142.6692,142.6692,142.6876,2411
2019,3,6,14,19,142.6800,142.6800,142.6800,142.6800,3638
2019,3,6,14,20,142.6547,142.6500,142.6500,142.6547,2460
2019,3,6,14,21,142.6500,142.6599,142.6500,142.6599,5167
2019,3,6,14,22,142.6800,142.6816,142.6800,142.6816,2892
2019,3,6,14,23,142.6800,142.6953,142.6800,142.6953,2698
2019,3,6,14,24,142.7200,142.7200,142.7200,142.7200,301
2019,3,6,14,25,142.7200,142.7288,142.7200,142.7288,4043
2019,3,6,14,26,142.7300,142.7400,142.7300,142.7400,2928
2019,3,6,14,27,142.6800,142.6600,142.6600,142.6800,4139
2019,3,6,14,28,142.6600,142.6600,142.6600,142.6600,701
2019,3,6,14,29,142.6950,142.6742,142.6742,142.6950,4351
2019,3,6,14,30,142.6499,142.6499,142.6499,142.6499,2483
2019,3,6,14,31,142.7100,142.7100,142.7100,142.7100,4082
2019,3,6,14,32,142.6700,142.6600,142.6600,142.6700,4793
2019,3,6,14,33,142.6900,142.6574,142.6574,142.6900,2304
2019,3,6,14,34,142.6000,142.5581,142.5581,142.6000,5736
2019,3,6,14,35,142.5600,142.5400,142.5400,142.5800,12762
2019,3,6,14,36,142.5500,142.5600,142.5500,142.5600,6117
2019,3,6,14,37,142.5624,142.6000,142.5624,142.6000,3804
2019,3,6,14,38,142.6200,142.6200,142.6200,142.6200,991
2019,3,6,14,39,142.6100,142.6134,142.6100,142.6134,5839
2019,3,6,14,40,142.6200,142.5700,142.5700,142.6200,5274
2019,3,6,14,41,142.5700,142.5600,142.5600,142.5700,3167
2019,3,6,14,42,142.5354,142.5354,142.5354,142.5354,622
2019,3,6,14,43,142.5200,142.5200,142.5100,142.5400,19295
2019,3,6,14,44,142.5200,142.5440,142.5200,142.5440,2106
2019,3,6,14,45,142.5100,142.5100,142.5000,142.5100,8230
2019,3,6,14,46,142.5500,142.5401,142.5401,142.5500,1955
2019,3,6,14,47,142.5600,142.5300,142.5300,142.5600,6540
2019,3,6,14,48,142.5538,142.5538,142.5538,142.5538,2136
2019,3,6,14,49,142.5300,142.5566,142.5300,142.5566,7974
2019,3,6,14,50,142.5500,142.5451,142.5451,142.5500,5901
2019,3,6,14,51,142.5500,142.5600,142.5500,142.5600,2966
2019,3,6,14,52,142.5400,142.5900,142.5400,142.6000,7458
2019,3,6,14,53,142.5400,142.4700,142.4700,142.5400,12535
2019,3,6,14,54,142.5530,142.5735,142.5530,142.5735,4375
2019,3,6,14,55,142.5665,142.5700,142.5665,142.5700,4004
2019,3,6,14,56,142.5500,142.5300,142.5300,142.5500,4943
2019,3,6,14,57,142.5990,142.6100,142.5990,142.6100,4641
2019,3,6,14,58,142.6400,142.6300,142.6300,142.6500,5269
2019,3,6,14,59,142.6100,142.6000,142.6000,142.6100,5776
2019,3,6,15,0,142.5700,142.5500,142.5400,142.5700,33971
2019,3,6,15,1,142.5100,142.5761,142.5100,142.5761,5935
2019,3,6,15,2,142.5950,142.5800,142.5800,142.5950,4119
2019,3,6,15,3,142.6050,142.6100,142.6050,142.6500,9617
2019,3,6,15,4,142.6000,142.5500,142.5500,142.6066,10507
2019,3,6,15,5,142.5652,142.5300,142.5300,142.5652,3615
2019,3,6,15,6,142.5200,142.5350,142.5200,142.5450,7843
2019,3,6,15,7,142.4900,142.4900,142.4900,142.4900,1595
2019,3,6,15,8,142.5000,142.4900,142.4700,142.5300,14830
2019,3,6,15,9,142.4600,142.4400,142.4400,142.4900,7890
2019,3,6,15,10,142.4562,142.4800,142.4562,142.4800,3831
2019,3,6,15,11,142.4576,142.4576,142.4576,142.4576,1361
2019,3,6,15,12,142.4450,142.4700,142.4450,142.4800,3773
2019,3,6,15,13,142.4500,142.4100,142.4000,142.4500,8690
2019,3,6,15,14,142.4000,142.3990,142.3990,142.4000,4618
2019,3,6,15,15,142.3850,142.3799,142.3799,142.3850,2461
2019,3,6,15,16,142.3690,142.4000,142.3690,142.4000,4493
2019,3,6,15,17,142.3600,142.3300,142.3300,142.3600,5168
2019,3,6,15,18,142.3401,142.3199,142.3199,142.3500,5404
2019,3,6,15,19,142.2700,142.2900,142.2700,142.3000,4666
2019,3,6,15,20,142.3000,142.3310,142.3000,142.3310,1968
2019,3,6,15,21,142.3700,142.3700,142.3700,142.3700,14029
2019,3,6,15,22,142.3600,142.3500,142.3500,142.3600,7102
2019,3,6,15,23,142.3600,142.3269,142.3269,142.4000,12811
2019,3,6,15,24,142.3200,142.3300,142.3200,142.3300,3586
2019,3,6,15,25,142.3600,142.3500,142.3500,142.3600,2643
2019,3,6,15,26,142.3500,142.3300,142.3300,142.3500,2651
2019,3,6,15,27,142.3234,142.3400,142.3234,142.3400,2639
2019,3,6,15,28,142.3000,142.2700,142.2700,142.3000,6842
2019,3,6,15,29,142.2400,142.2999,142.2400,142.3025,27151
2019,3,6,15,30,142.3300,142.3534,142.3300,142.3534,4692
2019,3,6,15,31,142.3600,142.4000,142.3600,142.4000,6275
2019,3,6,15,32,142.4364,142.4100,142.4100,142.4364,8747
2019,3,6,15,33,142.4000,142.4400,142.4000,142.4400,5977
2019,3,6,15,34,142.4700,142.4699,142.4600,142.4700,9091
2019,3,6,15,35,142.4750,142.4800,142.4200,142.4800,19377
2019,3,6,15,36,142.4600,142.4662,142.4600,142.4662,3736
2019,3,6,15,37,142.5000,142.4850,142.4850,142.5100,9507
2019,3,6,15,38,142.5000,142.5058,142.5000,142.5058,8568
2019,3,6,15,39,142.4900,142.4700,142.4700,142.4900,3446
2019,3,6,15,40,142.4650,142.5000,142.4650,142.5148,10080
2019,3,6,15,41,142.5000,142.5360,142.5000,142.5360,5992
2019,3,6,15,42,142.5190,142.5000,142.5000,142.5190,3679
2019,3,6,15,43,142.5000,142.5000,142.5000,142.5300,14548
2019,3,6,15,44,142.5200,142.5300,142.5200,142.5600,18945
2019,3,6,15,45,142.5648,142.5900,142.5648,142.5900,3888
2019,3,6,15,46,142.5400,142.4300,142.4300,142.5400,25611
2019,3,6,15,47,142.4630,142.4635,142.4630,142.4635,6210
2019,3,6,15,48,142.4538,142.4700,142.4538,142.4700,7171
2019,3,6,15,49,142.4750,142.4750,142.4750,142.4750,5344
2019,3,6,15,50,142.4700,142.4700,142.4700,142.4700,2903
2019,3,6,15,51,142.4900,142.5400,142.4900,142.5400,12472
2019,3,6,15,52,142.5740,142.5400,142.5400,142.5740,13524
2019,3,6,15,53,142.5600,142.5400,142.5400,142.5600,4852
2019,3,6,15,54,142.5200,142.5200,142.5200,142.5200,3275
2019,3,6,15,55,142.5800,142.4500,142.4500,142.5800,22656
2019,3,6,15,56,142.4400,142.4800,142.4400,142.4800,18299
2019,3,6,15,57,142.4300,142.4300,142.4300,142.4300,9792
2019,3,6,15,58,142.4300,142.4099,142.4099,142.4300,7096
2019,3,6,15,59,142.4300,142.4100,142.4100,142.4300,7872
2019,3,6,16,0,142.4201,142.3900,142.3900,142.4500,50666
2019,3,7,9,31,142.1601,142.1038,142.1038,142.1601,73335
2019,3,7,9,32,142.1300,142.1300,142.1300,142.1300,2874
2019,3,7,9,33,142.1200,142.1300,142.1200,142.1300,8815
2019,3,7,9,34,142.1200,142.1200,142.1200,142.1200,5440
2019,3,7,9,35,142.0400,142.0100,141.9710,142.0400,50793
2019,3,7,9,36,141.9400,141.8800,141.8800,141.9400,7861
2019,3,7,9,37,141.8500,141.8500,141.8500,141.8500,5196
2019,3,7,9,38,141.7900,141.7467,141.7467,141.7900,16353
2019,3,7,9,39,141.7800,141.7800,141.7800,141.7800,10130
2019,3,7,9,40,141.7300,141.7300,141.7300,141.7300,2042
2019,3,7,9,41,141.7500,141.7250,141.7200,141.7500,24235
2019,3,7,9,42,141.7900,141.7000,141.7000,141.7900,8395
2019,3,7,9,43,141.6700,141.6000,141.6000,141.6700,21675
2019,3,7,9,44,141.6000,141.6100,141.6000,141.6100,6658
2019,3,7,9,45,141.6000,141.6300,141.6000,141.6300,6180
2019,3,7,9,46,141.4700,141.4200,141.4000,141.4700,39464
2019,3,7,9,47,141.3900,141.3300,141.3300,141.3900,28194
2019,3,7,9,48,141.3950,141.4800,141.3950,141.4800,9009
2019,3,7,9,49,141.4400,141.4200,141.4200,141.4400,3816
2019,3,7,9,50,141.3600,141.3200,141.3200,141.3600,9702
2019,3,7,9,51,141.3300,141.3300,141.3300,141.3300,6989
2019,3,7,9,52,141.2840,141.2511,141.2300,141.2840,23629
2019,3,7,9,53,141.1300,141.0300,141.0300,141.1600,25851
2019,3,7,9,54,141.0700,141.0900,141.0700,141.0900,13181
2019,3,7,9,55,141.0600,141.1500,141.0600,141.1500,11051
2019,3,7,9,56,141.1700,141.2300,141.1700,141.2300,5905
2019,3,7,9,57,141.2310,141.1500,141.1200,141.2310,17650
2019,3,7,9,58,141.2000,141.2000,141.2000,141.2500,9227
2019,3,7,9,59,141.2200,141.2200,141.2200,141.2200,2305
2019,3,7,10,0,141.2700,141.3000,141.2700,141.3000,4969
2019,3,7,10,1,141.3000,141.3400,141.3000,141.3400,12046
2019,3,7,10,2,141.2900,141.2900,141.2900,141.2900,6581
2019,3,7,10,3,141.2800,141.2250,141.2250,141.2800,13208
2019,3,7,10,4,141.1800,141.2899,141.1800,141.2899,6836
2019,3,7,10,5,141.2300,141.2400,141.2300,141.2500,21783
2019,3,7,10,6,141.3499,141.3699,141.3499,141.3699,7665
2019,3,7,10,7,141.4100,141.2300,141.2300,141.4100,32339
2019,3,7,10,8,141.2700,141.3199,141.2700,141.3399,13130
2019,3,7,10,9,141.3397,141.3400,141.3397,141.3478,128475
2019,3,7,10,10,141.3067,141.2600,141.2600,141.3067,4032
2019,3,7,10,11,141.2600,141.3100,141.2100,141.3100,16919
2019,3,7,10,12,141.2200,141.2506,141.2200,141.2506,7966
2019,3,7,10,13,141.2301,141.1981,141.1981,141.2301,3044
2019,3,7,10,14,141.2300,141.2350,141.2300,141.2600,15633
2019,3,7,10,15,141.1800,141.2400,141.1800,141.2450,17208
2019,3,7,10,16,141.2299,141.2299,141.2299,141.2299,1124
2019,3,7,10,17,141.2582,141.2700,141.2582,141.2700,6895
2019,3,7,10,18,141.1630,141.0400,141.0400,141.1630,24508
2019,3,7,10,19,141.0400,141.0400,141.0400,141.0900,7579
2019,3,7,10,20,141.0300,141.0201,141.0201,141.0500,15779
2019,3,7,10,21,141.0201,140.9600,140.9600,141.0201,19652
2019,3,7,10,22,140.9900,140.9802,140.9700,141.0100,7897
2019,3,7,10,23,141.0400,141.0700,141.0400,141.0700,2580
2019,3,7,10,24,141.0800,141.1600,141.0800,141.1600,6196
2019,3,7,10,25,141.1300,141.1100,141.0850,141.1300,7673
2019,3,7,10,26,141.1439,141.1400,141.1400,141.1600,11954
2019,3,7,10,27,141.1500,141.1900,141.1500,141.1900,3492
2019,3,7,10,28,141.1900,141.2200,141.1200,141.2200,30709
2019,3,7,10,29,141.2150,141.2550,141.2150,141.2550,1322
2019,3,7,10,30,141.2600,141.2550,141.2550,141.2600,2530
2019,3,7,10,31,141.2401,141.2267,141.2267,141.2401,2089
2019,3,7,10,32,141.2899,141.3165,141.2899,141.3165,3814
2019,3,7,10,33,141.3100,141.3400,141.3100,141.3400,9393
2019,3,7,10,34,141.3215,141.3800,141.3215,141.3800,4045
2019,3,7,10,35,141.3900,141.4000,141.3800,141.4000,3902
2019,3,7,10,36,141.3600,141.4000,141.3600,141.4000,7752
2019,3,7,10,37,141.3500,141.3100,141.3100,141.3500,16118
2019,3,7,10,38,141.2835,141.2835,141.2835,141.2835,5033
2019,3,7,10,39,141.2800,141.3100,141.2800,141.3100,5684
2019,3,7,10,40,141.2836,141.2601,141.2601,141.3000,4141
2019,3,7,10,41,141.2400,141.2000,141.2000,141.2400,7740
2019,3,7,10,42,141.1835,141.1494,141.1494,141.1835,7435
2019,3,7,10,43,141.1994,141.2400,141.1610,141.2400,14180
2019,3,7,10,44,141.1300,141.0906,141.0906,141.1400,14388
2019,3,7,10,45,141.1080,141.1500,141.1080,141.1500,1182
2019,3,7,10,46,141.1200,141.2500,141.1200,141.2500,2266
2019,3,7,10,47,141.2408,141.2700,141.2408,141.2700,5068
2019,3,7,10,48,141.3100,141.3515,141.3100,141.3515,4534
2019,3,7,10,49,141.3514,141.3600,141.3514,141.3600,7616
2019,3,7,10,50,141.3600,141.4300,141.3600,141.4300,14729
2019,3,7,10,51,141.4400,141.3900,141.3900,141.4400,7448
2019,3,7,10,52,141.4100,141.3600,141.3600,141.4400,16044
2019,3,7,10,53,141.3900,141.3500,141.3500,141.4198,8915
2019,3,7,10,54,141.4300,141.4300,141.4300,141.4300,4881
2019,3,7,10,55,141.4200,141.4700,141.4200,141.4700,3042
2019,3,7,10,56,141.4700,141.5300,141.4700,141.5300,7725
2019,3,7,10,57,141.4900,141.4400,141.4400,141.4900,34309
2019,3,7,10,58,141.4500,141.4800,141.4437,141.4800,7947
2019,3,7,10,59,141.5100,141.4701,141.4701,141.5100,8924
2019,3,7,11,0,141.4200,141.4615,141.4200,141.4800,6555
2019,3,7,11,1,141.4365,141.4100,141.3900,141.4365,10930
2019,3,7,11,2,141.3400,141.3800,141.3200,141.3800,4486
2019,3,7,11,3,141.4400,141.4028,141.4028,141.4400,4535
2019,3,7,11,4,141.4598,141.4864,141.4598,141.4864,4324
2019,3,7,11,5,141.4900,141.3600,141.3600,141.4900,17937
2019,3,7,11,6,141.3301,141.3399,141.3301,141.3399,2440
2019,3,7,11,7,141.3050,141.3301,141.3050,141.3301,2678
2019,3,7,11,8,141.2800,141.2600,141.2600,141.2800,2512
2019,3,7,11,9,141.2500,141.3000,141.2500,141.3000,3716
2019,3,7,11,10,141.3199,141.3000,141.3000,141.3199,2370
2019,3,7,11,11,141.3800,141.3500,141.3500,141.3800,2972
2019,3,7,11,12,141.3500,141.3900,141.3500,141.3900,2378
2019,3,7,11,13,141.3700,141.3753,141.3700,141.3861,3706
2019,3,7,11,14,141.3801,141.3801,141.3801,141.3801,1386
2019,3,7,11,15,141.3700,141.4000,141.3700,141.4000,9096
2019,3,7,11,16,141.4100,141.3600,141.3600,141.4252,13390
2019,3,7,11,17,141.3601,141.3100,141.3100,141.3601,3858
2019,3,7,11,18,141.2901,141.3250,141.2901,141.3250,1691
2019,3,7,11,19,141.3300,141.2000,141.2000,141.3300,5164
2019,3,7,11,20,141.2100,141.2700,141.2100,141.2700,6816
2019,3,7,11,21,141.2429,141.2701,141.2429,141.2701,3510
2019,3,7,11,22,141.2100,141.2261,141.2100,141.2300,3343
2019,3,7,11,23,141.2400,141.3022,141.2400,141.3022,2289
2019,3,7,11,24,141.2950,141.3100,141.2950,141.3100,1549
2019,3,7,11,25,141.2800,141.3100,141.2800,141.3200,7670
2019,3,7,11,26,141.3400,141.3501,141.3400,141.3800,8332
2019,3,7,11,27,141.4000,141.4100,141.4000,141.4100,4005
2019,3,7,11,28,141.4398,141.4400,141.4100,141.4400,15661
2019,3,7,11,29,141.4600,141.4600,141.4600,141.4600,7461
2019,3,7,11,30,141.4700,141.4620,141.4620,141.4800,6598
2019,3,7,11,31,141.5900,141.5700,141.5600,141.6000,18460
2019,3,7,11,32,141.5800,141.6500,141.5800,141.7000,29436
2019,3,7,11,33,141.6800,141.6900,141.6800,141.6900,9252
2019,3,7,11,34,141.7300,141.7300,141.7300,141.7300,12454
2019,3,7,11,35,141.7300,141.7328,141.7300,141.7328,12852
2019,3,7,11,36,141.7000,141.6800,141.6800,141.7000,7148
2019,3,7,11,37,141.7399,141.7100,141.7100,141.7399,7309
2019,3,7,11,38,141.7200,141.6800,141.6800,141.7200,3941
2019,3,7,11,39,141.7100,141.7300,141.7100,141.7300,3949
2019,3,7,11,40,141.7160,141.6999,141.6999,141.7160,3148
2019,3,7,11,41,141.6999,141.6500,141.6500,141.7000,5347
2019,3,7,11,42,141.6600,141.6600,141.6600,141.6800,9045
2019,3,7,11,43,141.6500,141.6899,141.6500,141.6899,2009
2019,3,7,11,44,141.7000,141.7100,141.7000,141.7400,8320
2019,3,7,11,45,141.6900,141.7000,141.6900,141.7000,2467
2019,3,7,11,46,141.7350,141.7001,141.7001,141.7350,2975
2019,3,7,11,47,141.6900,141.6420,141.6400,141.6900,7265
2019,3,7,11,48,141.6700,141.6540,141.6540,141.6700,1669
2019,3,7,11,49,141.6340,141.6100,141.6100,141.6340,10421
2019,3,7,11,50,141.6000,141.6099,141.6000,141.6099,1457
2019,3,7,11,51,141.5900,141.5700,141.5700,141.5900,3856
2019,3,7,11,52,141.5600,141.5550,141.5550,141.5600,1649
2019,3,7,11,53,141.5800,141.6100,141.5800,141.6100,5946
2019,3,7,11,54,141.6699,141.5901,141.5901,141.6699,2084
2019,3,7,11,55,141.5700,141.5400,141.5400,141.5700,2543
2019,3,7,11,56,141.5299,141.5500,141.5299,141.5500,1319
2019,3,7,11,57,141.5250,141.5520,141.5250,141.5520,11163
2019,3,7,11,58,141.5376,141.5700,141.5000,141.5700,6734
2019,3,7,11,59,141.6018,141.5500,141.5500,141.6018,2566
2019,3,7,12,0,141.5600,141.5400,141.5113,141.5600,1396
2019,3,7,12,1,141.4900,141.5100,141.4900,141.5100,2848
2019,3,7,12,2,141.4800,141.4400,141.4280,141.4800,2545
2019,3,7,12,3,141.4350,141.4900,141.4350,141.4900,2899
2019,3,7,12,4,141.4700,141.4250,141.4250,141.4700,7953
2019,3,7,12,5,141.4100,141.4700,141.4100,141.4700,1595
2019,3,7,12,6,141.4750,141.4500,141.4500,141.4750,1431
2019,3,7,12,7,141.4999,141.5700,141.4999,141.5700,2914
2019,3,7,12,8,141.5800,141.5741,141.5741,141.5800,2412
2019,3,7,12,9,141.5700,141.6000,141.5700,141.6228,4941
2019,3,7,12,10,141.5800,141.5650,141.5600,141.5800,1773
2019,3,7,12,11,141.5600,141.5760,141.5422,141.5760,2686
2019,3,7,12,12,141.5750,141.5862,141.5750,141.5862,2088
2019,3,7,12,13,141.5250,141.5372,141.5250,141.5372,2921
2019,3,7,12,14,141.4950,141.4950,141.4950,141.4950,2676
2019,3,7,12,15,141.5000,141.5000,141.4900,141.5000,985
2019,3,7,12,16,141.6000,141.5185,141.5185,141.6200,1684
2019,3,7,12,17,141.5201,141.4701,141.4500,141.5201,3959
2019,3,7,12,18,141.4899,141.4899,141.4899,141.4899,1054
2019,3,7,12,19,141.4900,141.4717,141.4672,141.4900,3733
2019,3,7,12,20,141.4501,141.4500,141.4500,141.4800,2966
2019,3,7,12,21,141.4700,141.4300,141.4300,141.4700,1618
2019,3,7,12,22,141.4400,141.4300,141.4300,141.4635,2904
2019,3,7,12,23,141.4868,141.4600,141.4600,141.4900,4901
2019,3,7,12,24,141.4500,141.4500,141.4500,141.4500,231
2019,3,7,12,25,141.4635,141.4900,141.4150,141.5400,22653
2019,3,7,12,26,141.4800,141.4900,141.4600,141.4900,7849
2019,3,7,12,27,141.4800,141.5300,141.4800,141.5400,5590
2019,3,7,12,28,141.5100,141.5600,141.5100,141.5600,1821
2019,3,7,12,29,141.6200,141.6200,141.6200,141.6200,926
2019,3,7,12,30,141.5700,141.5600,141.5600,141.5700,1444
2019,3,7,12,31,141.5401,141.5301,141.5301,141.5600,1647
2019,3,7,12,32,141.5300,141.5699,141.5300,141.5699,1075
2019,3,7,12,33,141.5200,141.3500,141.3500,141.5200,61967
2019,3,7,12,34,141.3700,141.5100,141.3700,141.5400,34553
2019,3,7,12,35,141.5800,141.6300,141.5800,141.6600,10495
2019,3,7,12,36,141.6228,141.5900,141.5900,141.6228,3251
2019,3,7,12,37,141.5800,141.5800,141.5600,141.6200,4338
2019,3,7,12,38,141.5600,141.6050,141.5600,141.6050,11809
2019,3,7,12,39,141.5800,141.6200,141.5700,141.6400,8795
2019,3,7,12,40,141.6300,141.6100,141.6100,141.6300,2151
2019,3,7,12,41,141.6443,141.6400,141.6400,141.6443,2139
2019,3,7,12,42,141.6535,141.6201,141.6201,141.6535,4018
2019,3,7,12,43,141.6370,141.6799,141.6370,141.6799,3291
2019,3,7,12,44,141.6599,141.6499,141.6499,141.6599,1802
2019,3,7,12,45,141.6572,141.6600,141.6572,141.6700,7804
2019,3,7,12,46,141.7000,141.7500,141.7000,141.7500,8240
2019,3,7,12,47,141.6800,141.6800,141.6800,141.6800,1120
2019,3,7,12,48,141.6900,141.6500,141.6500,141.6900,5970
2019,3,7,12,49,141.6765,141.6600,141.6600,141.6765,1508
2019,3,7,12,50,141.6801,141.7199,141.6801,141.7199,9041
2019,3,7,12,51,141.6950,141.6999,141.6950,141.6999,1560
2019,3,7,12,52,141.6700,141.6600,141.6600,141.6900,10112
2019,3,7,12,53,141.6800,141.7117,141.6800,141.7117,5853
2019,3,7,12,54,141.7399,141.7400,141.7301,141.7400,4309
2019,3,7,12,55,141.7700,141.8804,141.7700,141.9000,24361
2019,3,7,12,56,141.9000,141.8900,141.8900,141.9060,2721
2019,3,7,12,57,141.9000,141.8900,141.8900,141.9200,6640
2019,3,7,12,58,141.9080,141.9100,141.9080,141.9100,3336
2019,3,7,12,59,141.8804,141.8800,141.8800,141.8900,2423
2019,3,7,13,0,141.8920,141.8650,141.8650,141.8920,2397
2019,3,7,13,1,141.8100,141.8100,141.8100,141.8300,4969
2019,3,7,13,2,141.8200,141.8300,141.8100,141.8300,845
2019,3,7,13,3,141.8300,141.8250,141.8150,141.8300,6701
2019,3,7,13,4,141.8300,141.8500,141.8300,141.8500,6023
2019,3,7,13,5,141.8639,141.8639,141.8639,141.8639,1540
2019,3,7,13,6,141.8100,141.8100,141.8100,141.8100,541
2019,3,7,13,7,141.8228,141.7822,141.7822,141.8228,10001
2019,3,7,13,8,141.7600,141.7600,141.7600,141.7600,1464
2019,3,7,13,9,141.7340,141.7300,141.7300,141.7340,2303
2019,3,7,13,10,141.7100,141.7100,141.7100,141.7100,613
2019,3,7,13,11,141.7400,141.7400,141.7400,141.7400,2462
2019,3,7,13,12,141.7828,141.7800,141.7800,141.7828,3776
2019,3,7,13,13,141.7900,141.7800,141.7800,141.7900,3304
2019,3,7,13,14,141.8000,141.8000,141.8000,141.8000,1682
2019,3,7,13,15,141.7600,141.7636,141.7600,141.7636,1248
2019,3,7,13,16,141.8000,141.8000,141.8000,141.8000,549
2019,3,7,13,17,141.7886,141.7886,141.7886,141.7886,591
2019,3,7,13,18,141.7438,141.7438,141.7438,141.7438,1450
2019,3,7,13,19,141.7200,141.7199,141.7199,141.7200,1783
2019,3,7,13,20,141.7400,141.7400,141.7400,141.7400,319
2019,3,7,13,22,141.7572,141.7572,141.7572,141.7572,1380
2019,3,7,13,23,141.7300,141.7300,141.7300,141.7300,1770
2019,3,7,13,24,141.6899,141.6800,141.6800,141.6899,4652
2019,3,7,13,25,141.6837,141.6837,141.6837,141.6837,2368
2019,3,7,13,26,141.6600,141.6600,141.6600,141.6600,4197
2019,3,7,13,27,141.6800,141.6500,141.6500,141.6800,23708
2019,3,7,13,28,141.6400,141.6400,141.6400,141.6400,1587
2019,3,7,13,29,141.6602,141.6401,141.6401,141.6602,1949
2019,3,7,13,30,141.6899,141.6899,141.6899,141.6899,1394
2019,3,7,13,31,141.6900,141.6900,141.6900,141.6900,2675
2019,3,7,13,32,141.6600,141.6000,141.6000,141.6600,11297
2019,3,7,13,33,141.5600,141.5600,141.5600,141.5600,402
2019,3,7,13,34,141.5700,141.5700,141.5700,141.5700,2644
2019,3,7,13,35,141.5300,141.5300,141.5300,141.5300,584
2019,3,7,13,36,141.4900,141.4900,141.4900,141.4900,355
2019,3,7,13,37,141.4900,141.4900,141.4900,141.4900,5401
2019,3,7,13,38,141.5000,141.5000,141.5000,141.5000,1530
2019,3,7,13,39,141.4800,141.4800,141.4800,141.4800,2576
2019,3,7,13,40,141.5270,141.5300,141.5270,141.5300,2100
2019,3,7,13,41,141.5478,141.5478,141.5478,141.5478,414
2019,3,7,13,43,141.5900,141.5900,141.5900,141.5900,1180
2019,3,7,13,44,141.6066,141.6066,141.6066,141.6066,1292
2019,3,7,13,45,141.5900,141.5900,141.5900,141.5900,1017
2019,3,7,13,46,141.6130,141.6130,141.6130,141.6130,789
2019,3,7,13,47,141.5900,141.5800,141.5800,141.5900,2558
2019,3,7,13,48,141.6100,141.6100,141.6100,141.6100,3328
2019,3,7,13,49,141.6315,141.6315,141.6315,141.6315,3101
2019,3,7,13,50,141.6473,141.6462,141.6462,141.6473,3072
2019,3,7,13,51,141.6922,141.6922,141.6922,141.6922,3493
2019,3,7,13,52,141.6628,141.6299,141.6299,141.6628,3569
2019,3,7,13,54,141.5900,141.5363,141.5363,141.5900,15245
2019,3,7,13,55,141.5201,141.5201,141.5201,141.5201,1187
2019,3,7,13,56,141.5300,141.5200,141.5200,141.5300,2973
2019,3,7,13,57,141.5069,141.5069,141.5069,141.5069,1936
2019,3,7,13,58,141.5124,141.5124,141.5124,141.5124,711
2019,3,7,13,59,141.5200,141.5200,141.5200,141.5200,796
2019,3,7,14,0,141.5399,141.5050,141.5050,141.5399,4191
2019,3,7,14,1,141.5500,141.5500,141.5500,141.5500,1647
2019,3,7,14,2,141.5674,141.5163,141.5163,141.5674,7280
2019,3,7,14,3,141.4900,141.4870,141.4870,141.4900,3125
2019,3,7,14,4,141.4847,141.5000,141.4847,141.5000,2299
2019,3,7,14,5,141.4900,141.4800,141.4800,141.4900,2366
2019,3,7,14,6,141.5000,141.4100,141.4100,141.5000,12311
2019,3,7,14,7,141.3900,141.3800,141.3500,141.3900,10886
2019,3,7,14,8,141.3800,141.3800,141.3800,141.3800,1117
2019,3,7,14,9,141.3650,141.3500,141.3500,141.3650,2883
2019,3,7,14,10,141.3710,141.3710,141.3710,141.3710,2217
2019,3,7,14,11,141.3637,141.3900,141.3637,141.3900,5992
2019,3,7,14,12,141.3700,141.3700,141.3700,141.3700,1077
2019,3,7,14,13,141.3400,141.3200,141.3200,141.3400,4117
2019,3,7,14,14,141.2884,141.2900,141.2884,141.2900,5576
2019,3,7,14,15,141.2500,141.2500,141.2500,141.2500,1171
2019,3,7,14,16,141.2403,141.2200,141.2200,141.2403,3275
2019,3,7,14,17,141.2000,141.2000,141.2000,141.2000,3134
2019,3,7,14,18,141.1900,141.2053,141.1900,141.2053,2954
2019,3,7,14,19,141.1761,141.1761,141.1761,141.1761,2850
2019,3,7,14,20,141.2001,141.2263,141.2001,141.2263,2800
2019,3,7,14,21,141.2770,141.3299,141.2770,141.3299,7993
2019,3,7,14,22,141.3400,141.3400,141.3400,141.3400,801
2019,3,7,14,23,141.2900,141.3000,141.2900,141.3000,3663
2019,3,7,14,24,141.2828,141.2828,141.2828,141.2828,1211
2019,3,7,14,25,141.2803,141.2803,141.2803,141.2803,962
2019,3,7,14,26,141.2500,141.2437,141.2437,141.2500,2084
2019,3,7,14,27,141.2440,141.2440,141.2440,141.2440,5477
2019,3,7,14,28,141.2500,141.2950,141.2500,141.2950,3742
2019,3,7,14,29,141.3100,141.3100,141.3100,141.3100,859
2019,3,7,14,30,141.2870,141.2870,141.2870,141.2870,3256
2019,3,7,14,31,141.3367,141.3200,141.3200,141.3367,4455
2019,3,7,14,32,141.3400,141.2700,141.2700,141.3400,8549
2019,3,7,14,33,141.2138,141.2500,141.2138,141.2500,4415
2019,3,7,14,34,141.1900,141.1600,141.1600,141.1900,4815
2019,3,7,14,35,141.1700,141.1600,141.1600,141.1700,3420
2019,3,7,14,36,141.1500,141.1500,141.1500,141.1500,4961
2019,3,7,14,37,141.1700,141.1700,141.1700,141.1700,1775
2019,3,7,14,38,141.1678,141.1400,141.1400,141.1678,2068
2019,3,7,14,39,141.0861,141.0861,141.0861,141.0861,1798
2019,3,7,14,40,141.0600,141.0600,141.0600,141.0600,4655
2019,3,7,14,41,141.1320,141.1200,141.1200,141.1320,5053
2019,3,7,14,42,141.0600,141.0600,141.0600,141.0600,1478
2019,3,7,14,43,141.0700,141.0800,141.0700,141.0800,6725
2019,3,7,14,44,141.1300,141.1200,141.1200,141.1300,8336
2019,3,7,14,45,141.1099,141.1200,141.1099,141.1200,3742
2019,3,7,14,46,141.1200,141.1200,141.1200,141.1200,2860
2019,3,7,14,47,141.1000,141.0334,141.0334,141.1100,41728
2019,3,7,14,48,141.0240,140.9900,140.9900,141.0600,22029
2019,3,7,14,49,140.9700,140.9360,140.9360,140.9900,9891
2019,3,7,14,50,140.9900,141.0100,140.9900,141.0100,4907
2019,3,7,14,51,140.9944,140.9944,140.9944,140.9944,1801
2019,3,7,14,52,141.0140,140.9800,140.9800,141.0140,8664
2019,3,7,14,53,140.9600,140.9903,140.9600,140.9903,8610
2019,3,7,14,54,140.9100,140.9032,140.8800,140.9100,18809
2019,3,7,14,55,140.9100,140.9500,140.9100,140.9500,5761
2019,3,7,14,56,140.9500,140.9338,140.9338,140.9500,8819
2019,3,7,14,57,141.0100,141.0100,141.0100,141.0100,4866
2019,3,7,14,58,140.9561,140.9518,140.9518,140.9561,4754
2019,3,7,14,59,140.8799,140.8799,140.8799,140.8799,1213
2019,3,7,15,0,140.9400,140.9500,140.9400,140.9500,6205
2019,3,7,15,1,140.9100,140.8580,140.8580,140.9100,7423
2019,3,7,15,2,140.8621,140.8311,140.8311,140.8621,1997
2019,3,7,15,3,140.8600,140.8900,140.8600,140.9022,23920
2019,3,7,15,4,140.8800,140.8161,140.8161,140.8800,6987
2019,3,7,15,5,140.8100,140.7920,140.7920,140.8100,6099
2019,3,7,15,6,140.8500,140.8500,140.8500,140.8500,9877
2019,3,7,15,7,140.8400,140.8400,140.8400,140.8400,1967
2019,3,7,15,8,140.8630,140.8630,140.8630,140.8630,7804
2019,3,7,15,9,140.8800,140.8972,140.8800,140.8972,7773
2019,3,7,15,10,140.9500,140.9500,140.9500,140.9500,3200
2019,3,7,15,11,140.9100,140.9100,140.9100,140.9100,2033
2019,3,7,15,12,140.9400,140.9400,140.9400,140.9400,4705
2019,3,7,15,13,140.9300,140.9580,140.9300,140.9580,2601
2019,3,7,15,14,141.0150,141.0150,141.0150,141.0150,3336
2019,3,7,15,15,140.9501,140.9500,140.9500,140.9501,2672
2019,3,7,15,16,140.9700,140.9700,140.9700,140.9700,3151
2019,3,7,15,17,140.9700,140.9700,140.9700,140.9700,9026
2019,3,7,15,18,140.9600,141.0000,140.9600,141.0000,3733
2019,3,7,15,19,141.0300,141.0300,141.0300,141.0300,4820
2019,3,7,15,20,141.0500,141.0600,141.0500,141.0600,5437
2019,3,7,15,21,141.0800,141.0822,141.0800,141.0822,9696
2019,3,7,15,22,141.0700,141.1500,141.0700,141.1500,5883
2019,3,7,15,23,141.1400,141.0772,141.0772,141.1400,6229
2019,3,7,15,24,141.1200,141.1000,141.1000,141.1200,5671
2019,3,7,15,25,141.0500,141.0780,141.0400,141.0780,10734
2019,3,7,15,26,141.1400,141.1800,141.1400,141.2000,10226
2019,3,7,15,27,141.1500,141.1460,141.1460,141.1500,4579
2019,3,7,15,28,141.0764,141.0764,141.0764,141.0764,3759
2019,3,7,15,29,141.0300,141.0300,141.0300,141.0300,2374
2019,3,7,15,30,141.0570,140.9900,140.9900,141.0570,3395
2019,3,7,15,31,140.9500,140.9500,140.9500,141.0000,4884
2019,3,7,15,32,141.0300,141.0300,141.0300,141.0300,4203
2019,3,7,15,33,141.0250,141.0250,141.0250,141.0250,742
2019,3,7,15,34,141.0562,141.0700,141.0562,141.0700,2037
2019,3,7,15,35,141.0500,141.0497,141.0497,141.0500,5384
2019,3,7,15,36,141.0100,141.1100,141.0100,141.1100,13483
2019,3,7,15,37,141.1200,141.1200,141.1200,141.1200,809
2019,3,7,15,38,141.1200,141.1300,141.1200,141.1300,6600
2019,3,7,15,39,141.1100,141.1500,141.1100,141.1500,9195
2019,3,7,15,40,141.1600,141.2500,141.1600,141.2500,14941
2019,3,7,15,41,141.2200,141.2200,141.2200,141.2200,3092
2019,3,7,15,42,141.2500,141.1834,141.1834,141.2500,10913
2019,3,7,15,43,141.1600,141.1200,141.1200,141.1600,7283
2019,3,7,15,44,141.0900,141.0900,141.0900,141.0900,4654
2019,3,7,15,45,141.1400,141.1387,141.1387,141.1400,5896
2019,3,7,15,46,141.1000,141.2000,141.1000,141.2000,35631
2019,3,7,15,47,141.2300,141.1900,141.1900,141.2300,9350
2019,3,7,15,48,141.1900,141.1900,141.1900,141.1900,2118
2019,3,7,15,49,141.1600,141.1500,141.1500,141.1600,5422
2019,3,7,15,50,141.1600,141.1300,141.1300,141.1600,6055
2019,3,7,15,51,141.0800,141.0800,141.0800,141.0800,14833
2019,3,7,15,52,141.0400,141.0300,141.0300,141.0400,4753
2019,3,7,15,53,141.0300,141.0000,141.0000,141.0300,6879
2019,3,7,15,54,140.9800,140.9900,140.9500,140.9900,18119
2019,3,7,15,55,140.9800,141.0301,140.9800,141.0700,15369
2019,3,7,15,56,141.1400,141.1700,141.1400,141.1700,11189
2019,3,7,15,57,141.2138,141.2300,141.2138,141.2500,10270
2019,3,7,15,58,141.2700,141.2700,141.2700,141.2700,2068
2019,3,7,15,59,141.2800,141.2399,141.2399,141.2800,8922
2019,3,7,16,0,141.2700,141.2700,141.2700,141.2700,38179
2019,3,8,9,31,140.1300,140.0300,140.0200,140.1300,136293
2019,3,8,9,32,140.0600,140.1500,140.0534,140.1500,17274
2019,3,8,9,33,140.1500,140.1600,140.1500,140.1600,10685
2019,3,8,9,34,140.1600,140.1600,140.1600,140.1600,2690
2019,3,8,9,35,140.0300,140.0000,139.9800,140.0300,65569
2019,3,8,9,36,140.0508,140.1600,140.0508,140.1600,4690
2019,3,8,9,37,140.0900,140.0500,140.0500,140.0900,4621
2019,3,8,9,38,140.0400,140.0002,140.0002,140.0400,4737
2019,3,8,9,39,139.9800,140.1000,139.9800,140.1000,8733
2019,3,8,9,40,140.2000,140.2000,140.1400,140.2000,17535
2019,3,8,9,41,140.1099,140.1099,140.1099,140.1099,3357
2019,3,8,9,42,140.0800,140.1399,140.0400,140.1399,28741
2019,3,8,9,43,140.1134,140.1134,140.1134,140.1134,1449
2019,3,8,9,44,140.1599,140.1000,140.1000,140.1599,5171
2019,3,8,9,45,140.0800,140.0800,140.0800,140.0800,3143
2019,3,8,9,46,140.0499,140.1331,140.0499,140.1331,5182
2019,3,8,9,47,140.2006,140.2800,140.2006,140.2800,16536
2019,3,8,9,48,140.2850,140.2850,140.2850,140.2850,4234
2019,3,8,9,49,140.3600,140.3300,140.3300,140.3600,1597
2019,3,8,9,50,140.3700,140.3000,140.3000,140.3700,3775
2019,3,8,9,51,140.3400,140.4074,140.3400,140.4074,8840
2019,3,8,9,52,140.3100,140.3000,140.3000,140.3100,5791
2019,3,8,9,53,140.2500,140.2400,140.2400,140.2500,6899
2019,3,8,9,54,140.2050,140.2050,140.2050,140.2050,3527
2019,3,8,9,55,140.1900,140.2400,140.1900,140.2400,9904
2019,3,8,9,56,140.2936,140.2799,140.2799,140.2936,5368
2019,3,8,9,57,140.3000,140.3000,140.3000,140.3000,2866
2019,3,8,9,58,140.3100,140.3100,140.3100,140.3100,1530
2019,3,8,9,59,140.3400,140.3600,140.3400,140.3600,3853
2019,3,8,10,0,140.2600,140.2050,140.2050,140.2600,9461
2019,3,8,10,1,140.1900,140.0705,140.0705,140.1900,8500
2019,3,8,10,2,140.0843,140.1187,140.0843,140.1187,16918
2019,3,8,10,3,140.0400,140.0500,140.0400,140.0500,5129
2019,3,8,10,4,140.0200,140.0900,140.0200,140.0900,6600
2019,3,8,10,5,140.1400,140.1600,140.1400,140.1600,3057
2019,3,8,10,6,140.0704,140.0704,140.0704,140.0704,689
2019,3,8,10,7,140.0400,139.9910,139.9910,140.0400,4570
2019,3,8,10,8,139.9800,139.9817,139.9800,139.9817,20940
2019,3,8,10,9,140.0400,140.0578,140.0400,140.0578,104871
2019,3,8,10,10,140.0100,140.0900,140.0100,140.0900,13820
2019,3,8,10,11,140.1800,140.2500,140.1800,140.2500,28657
2019,3,8,10,12,140.2100,140.1000,140.0900,140.2100,31004
2019,3,8,10,13,140.0500,140.0701,140.0500,140.0701,8684
2019,3,8,10,14,140.0700,140.2400,140.0400,140.2700,76379
2019,3,8,10,15,140.1458,140.1500,140.1458,140.1799,6658
2019,3,8,10,16,140.1250,140.1800,140.1250,140.1800,3464
2019,3,8,10,17,140.0790,140.0600,140.0600,140.0790,7397
2019,3,8,10,18,140.1100,140.1100,140.1100,140.1100,1051
2019,3,8,10,19,140.1599,140.1072,140.1072,140.1599,4717
2019,3,8,10,20,140.0600,140.0899,140.0600,140.0899,4317
2019,3,8,10,21,140.0500,140.0600,140.0500,140.0600,3574
2019,3,8,10,22,140.1300,140.1900,140.1300,140.1900,2447
2019,3,8,10,23,140.2380,140.2220,140.2220,140.2380,4329
2019,3,8,10,24,140.2090,140.1800,140.1800,140.2090,1628
2019,3,8,10,25,140.1500,140.1401,140.1401,140.1500,4136
2019,3,8,10,26,140.1100,140.1800,140.1100,140.1800,3817
2019,3,8,10,27,140.2600,140.2601,140.2600,140.2601,3329
2019,3,8,10,28,140.2900,140.2900,140.2900,140.2900,646
2019,3,8,10,29,140.2765,140.2600,140.2600,140.2765,2303
2019,3,8,10,30,140.2800,140.2700,140.2700,140.2800,2079
2019,3,8,10,31,140.2900,140.3211,140.2900,140.3211,3993
2019,3,8,10,32,140.3400,140.3400,140.3400,140.3400,3446
2019,3,8,10,33,140.2400,140.2000,140.2000,140.2400,3222
2019,3,8,10,34,140.2100,140.2100,140.2100,140.2100,781
2019,3,8,10,35,140.2100,140.1699,140.1699,140.2100,5735
2019,3,8,10,36,140.1501,140.1800,140.1500,140.1800,13377
2019,3,8,10,37,140.2700,140.2801,140.2700,140.2801,5268
2019,3,8,10,38,140.3000,140.2800,140.2800,140.3000,4556
2019,3,8,10,39,140.2500,140.2180,140.2180,140.2500,5614
2019,3,8,10,40,140.1700,140.1599,140.1520,140.1700,3833
2019,3,8,10,41,140.1186,140.1186,140.1186,140.1186,1649
2019,3,8,10,42,140.0900,140.0900,140.0900,140.0900,673
2019,3,8,10,43,140.1903,140.2650,140.1900,140.2650,5499
2019,3,8,10,44,140.3200,140.4178,140.3200,140.4178,8590
2019,3,8,10,45,140.5000,140.5172,140.5000,140.5200,11995
2019,3,8,10,46,140.5500,140.5600,140.5500,140.5600,4164
2019,3,8,10,47,140.6000,140.6100,140.6000,140.6100,3327
2019,3,8,10,48,140.6500,140.5900,140.5900,140.6500,3262
2019,3,8,10,49,140.6200,140.6200,140.6200,140.6200,5335
2019,3,8,10,50,140.6600,140.6001,140.6001,140.6600,3187
2019,3,8,10,51,140.6300,140.5842,140.5842,140.6300,3179
2019,3,8,10,52,140.5700,140.5500,140.5450,140.5700,3579
2019,3,8,10,53,140.5003,140.4700,140.4700,140.5003,2625
2019,3,8,10,54,140.4678,140.4550,140.4500,140.4678,1765
2019,3,8,10,55,140.4967,140.4000,140.4000,140.4967,4532
2019,3,8,10,56,140.4500,140.4800,140.4500,140.4800,3793
2019,3,8,10,57,140.4450,140.4701,140.4450,140.4701,3728
2019,3,8,10,58,140.4000,140.4000,140.4000,140.4000,1780
2019,3,8,10,59,140.3800,140.3900,140.3800,140.3900,3789
2019,3,8,11,0,140.3400,140.3300,140.3300,140.3400,4763
2019,3,8,11,1,140.2900,140.3500,140.2900,140.3600,4453
2019,3,8,11,2,140.3499,140.3500,140.3499,140.3699,5328
2019,3,8,11,3,140.3150,140.3950,140.3150,140.3950,3535
2019,3,8,11,4,140.3300,140.3099,140.3099,140.3300,4884
2019,3,8,11,5,140.3400,140.3200,140.3200,140.3400,3092
2019,3,8,11,6,140.3500,140.3900,140.3500,140.3900,2261
2019,3,8,11,7,140.4300,140.4299,140.4299,140.4300,3899
2019,3,8,11,8,140.3762,140.3400,140.3400,140.3762,1611
2019,3,8,11,9,140.3100,140.3000,140.3000,140.3100,1874
2019,3,8,11,10,140.2900,140.2900,140.2900,140.2900,985
2019,3,8,11,11,140.2850,140.2850,140.2850,140.2850,1352
2019,3,8,11,12,140.2600,140.3100,140.2300,140.3100,5164
2019,3,8,11,13,140.4100,140.4100,140.4100,140.4100,3196
2019,3,8,11,14,140.4600,140.4799,140.4600,140.4799,5152
2019,3,8,11,15,140.4100,140.4100,140.4100,140.4100,1853
2019,3,8,11,16,140.4500,140.4500,140.4500,140.4900,11870
2019,3,8,11,17,140.4800,140.4900,140.4800,140.4900,1310
2019,3,8,11,18,140.4700,140.4700,140.4700,140.4700,2132
2019,3,8,11,19,140.5135,140.5000,140.5000,140.5135,2935
2019,3,8,11,20,140.4500,140.4199,140.4199,140.4500,5942
2019,3,8,11,21,140.4200,140.3700,140.3700,140.4200,6253
2019,3,8,11,22,140.3700,140.4100,140.3700,140.4100,1960
2019,3,8,11,23,140.4199,140.3900,140.3900,140.4199,2876
2019,3,8,11,24,140.4100,140.4500,140.4100,140.4500,2952
2019,3,8,11,25,140.4600,140.4800,140.4600,140.4800,1050
2019,3,8,11,26,140.5700,140.5680,140.5680,140.5700,11900
2019,3,8,11,27,140.6000,140.5920,140.5920,140.6000,2957
2019,3,8,11,28,140.5850,140.5850,140.5850,140.5850,1493
2019,3,8,11,29,140.6400,140.6500,140.6350,140.6500,11591
2019,3,8,11,30,140.6250,140.6000,140.6000,140.6250,3110
2019,3,8,11,31,140.6286,140.6200,140.6200,140.6286,5940
2019,3,8,11,32,140.6500,140.6528,140.6500,140.6528,1244
2019,3,8,11,33,140.6920,140.5800,140.5800,140.6920,9969
2019,3,8,11,34,140.5766,140.5300,140.5300,140.5766,7760
2019,3,8,11,35,140.5300,140.5078,140.5078,140.5300,12453
2019,3,8,11,36,140.4900,140.4524,140.4524,140.4900,4277
2019,3,8,11,37,140.4600,140.4600,140.4600,140.4600,4573
2019,3,8,11,38,140.4800,140.4900,140.4800,140.4900,3035
2019,3,8,11,39,140.4900,140.4800,140.4800,140.4900,19826
2019,3,8,11,40,140.4700,140.4300,140.4300,140.4700,1036
2019,3,8,11,41,140.4400,140.3900,140.3900,140.4400,3209
2019,3,8,11,42,140.3900,140.4086,140.3900,140.4086,2783
2019,3,8,11,43,140.4300,140.4700,140.4300,140.4700,2704
2019,3,8,11,44,140.4500,140.4500,140.4500,140.4500,449
2019,3,8,11,45,140.4300,140.4500,140.4300,140.4500,1695
2019,3,8,11,46,140.4400,140.4989,140.4400,140.4989,4195
2019,3,8,11,47,140.5400,140.5700,140.5400,140.5700,3419
2019,3,8,11,48,140.5800,140.5500,140.5500,140.5800,1588
2019,3,8,11,49,140.5619,140.5849,140.5619,140.5849,2207
2019,3,8,11,50,140.5401,140.5200,140.5200,140.5420,4228
2019,3,8,11,51,140.4900,140.4154,140.4154,140.4900,1987
2019,3,8,11,52,140.3990,140.4100,140.3990,140.4100,8726
2019,3,8,11,53,140.4300,140.4200,140.4200,140.4300,1763
2019,3,8,11,54,140.5100,140.5299,140.5100,140.5299,5944
2019,3,8,11,55,140.5100,140.4900,140.4900,140.5300,2386
2019,3,8,11,56,140.4800,140.4500,140.4400,140.4800,28176
2019,3,8,11,57,140.4101,140.3900,140.3900,140.4101,12962
2019,3,8,11,58,140.3800,140.3780,140.3780,140.3800,2970
2019,3,8,11,59,140.3700,140.3600,140.3600,140.3700,1372
2019,3,8,12,0,140.3418,140.3418,140.3418,140.3418,722
2019,3,8,12,1,140.3300,140.3300,140.3300,140.3300,1783
2019,3,8,12,2,140.3301,140.3100,140.2961,140.3301,4904
2019,3,8,12,3,140.2600,140.2800,140.2600,140.3000,21519
2019,3,8,12,4,140.3000,140.3099,140.2864,140.3099,14454
2019,3,8,12,5,140.2828,140.2980,140.2828,140.2980,1245
2019,3,8,12,6,140.2700,140.2400,140.2400,140.2700,846
2019,3,8,12,7,140.2400,140.2500,140.2400,140.2500,1417
2019,3,8,12,8,140.2310,140.2100,140.2100,140.2310,8332
2019,3,8,12,9,140.1900,140.2100,140.1900,140.2100,3697
2019,3,8,12,10,140.2200,140.2100,140.2100,140.2200,731
2019,3,8,12,11,140.2140,140.2000,140.2000,140.2140,852
2019,3,8,12,12,140.2100,140.2200,140.2100,140.2200,3575
2019,3,8,12,13,140.2699,140.2600,140.2600,140.2699,5041
2019,3,8,12,14,140.2350,140.2700,140.2300,140.2800,3283
2019,3,8,12,15,140.2828,140.2828,140.2828,140.2828,1079
2019,3,8,12,16,140.3000,140.3200,140.3000,140.3200,3289
2019,3,8,12,17,140.3399,140.3400,140.3200,140.3400,3368
2019,3,8,12,18,140.2800,140.2900,140.2800,140.2900,3737
2019,3,8,12,19,140.2600,140.2600,140.2600,140.2600,1805
2019,3,8,12,20,140.2601,140.2440,140.2440,140.2700,2828
2019,3,8,12,21,140.2800,140.3091,140.2800,140.3100,6608
2019,3,8,12,22,140.2800,140.2370,140.2370,140.2800,1231
2019,3,8,12,23,140.2080,140.2353,140.2080,140.2353,3614
2019,3,8,12,24,140.2300,140.1727,140.1727,140.2300,4251
2019,3,8,12,25,140.1836,140.1770,140.1700,140.1836,2655
2019,3,8,12,26,140.1898,140.1900,140.1898,140.1900,624
2019,3,8,12,27,140.2600,140.3100,140.2600,140.3100,12345
2019,3,8,12,28,140.2900,140.3000,140.2900,140.3200,11730
2019,3,8,12,29,140.3116,140.3001,140.3001,140.3178,4252
2019,3,8,12,30,140.3100,140.3240,140.3100,140.3240,3004
2019,3,8,12,31,140.3101,140.3100,140.3100,140.3101,2335
2019,3,8,12,32,140.3000,140.3200,140.3000,140.3200,2094
2019,3,8,12,33,140.3158,140.3000,140.3000,140.3158,1365
2019,3,8,12,34,140.3299,140.2700,140.2700,140.3299,5887
2019,3,8,12,35,140.2576,140.2600,140.2576,140.2600,756
2019,3,8,12,36,140.2900,140.2600,140.2600,140.2900,1302
2019,3,8,12,37,140.2680,140.2680,140.2680,140.2680,1277
2019,3,8,12,38,140.2800,140.3000,140.2800,140.3000,19428
2019,3,8,12,39,140.2400,140.2000,140.2000,140.2400,2618
2019,3,8,12,40,140.2100,140.2100,140.1800,140.2100,28073
2019,3,8,12,41,140.1928,140.2100,140.1928,140.2100,4639
2019,3,8,12,42,140.1600,140.1769,140.1600,140.1800,4250
2019,3,8,12,43,140.1750,140.2000,140.1700,140.2000,1626
2019,3,8,12,44,140.2050,140.2537,140.2050,140.2537,1686
2019,3,8,12,45,140.2300,140.1720,140.1720,140.2300,3253
2019,3,8,12,46,140.1863,140.2000,140.1863,140.2000,4100
2019,3,8,12,47,140.2150,140.2199,140.2150,140.2199,2982
2019,3,8,12,48,140.1800,140.1752,140.1650,140.1800,1503
2019,3,8,12,49,140.1584,140.1350,140.1350,140.1584,4193
2019,3,8,12,50,140.1100,140.0960,140.0960,140.1100,8949
2019,3,8,12,51,140.1050,140.0800,140.0800,140.1050,8502
2019,3,8,12,52,140.0800,140.0700,140.0700,140.0836,3180
2019,3,8,12,53,140.0600,140.0350,140.0350,140.0600,2455
2019,3,8,12,54,140.0200,140.0159,140.0100,140.0200,4881
2019,3,8,12,55,140.0487,140.0486,140.0441,140.0487,6961
2019,3,8,12,56,140.0472,140.0300,140.0300,140.0499,2799
2019,3,8,12,57,140.0100,140.0100,140.0000,140.0200,7332
2019,3,8,12,58,140.0100,140.0300,140.0100,140.0300,4323
2019,3,8,12,59,140.0250,140.0250,140.0250,140.0250,471
2019,3,8,13,0,140.0300,140.0267,140.0267,140.0350,3202
2019,3,8,13,1,140.0244,140.0401,140.0244,140.0600,6252
2019,3,8,13,2,140.0499,140.0600,140.0302,140.0600,3746
2019,3,8,13,3,140.0600,140.0700,140.0550,140.0700,4575
2019,3,8,13,4,140.0700,140.0501,140.0501,140.0700,2168
2019,3,8,13,5,140.0501,140.0560,140.0501,140.0560,2086
2019,3,8,13,6,140.0600,140.0600,140.0600,140.0600,4056
2019,3,8,13,7,140.0732,140.0700,140.0500,140.0734,5142
2019,3,8,13,8,140.0747,140.0650,140.0650,140.0747,5866
2019,3,8,13,9,140.0500,140.0300,140.0300,140.0700,3650
2019,3,8,13,10,140.0100,140.0150,140.0000,140.0150,2481
2019,3,8,13,11,140.0600,140.0899,140.0600,140.0899,2072
2019,3,8,13,12,140.0852,140.1200,140.0852,140.1200,4409
2019,3,8,13,13,140.1300,140.1300,140.1122,140.1300,4035
2019,3,8,13,14,140.1401,140.1700,140.1401,140.1700,5099
2019,3,8,13,15,140.1700,140.1361,140.1361,140.1700,2575
2019,3,8,13,16,140.1290,140.1200,140.1200,140.1400,2481
2019,3,8,13,17,140.1100,140.1400,140.1100,140.1400,1342
2019,3,8,13,18,140.1000,140.0900,140.0900,140.1000,2199
2019,3,8,13,19,140.0332,140.0400,140.0332,140.0400,2172
2019,3,8,13,20,140.0700,140.1050,140.0700,140.1050,1038
2019,3,8,13,21,140.0900,140.0901,140.0900,140.0901,1429
2019,3,8,13,22,140.0390,140.0390,140.0390,140.0390,592
2019,3,8,13,23,140.0100,140.0200,140.0100,140.0200,3305
2019,3,8,13,24,140.0120,140.0458,140.0120,140.0458,2306
2019,3,8,13,25,140.0500,140.0500,140.0401,140.0501,2330
2019,3,8,13,26,140.0600,140.0400,140.0400,140.0600,3447
2019,3,8,13,27,140.0500,140.0800,140.0500,140.0800,2855
2019,3,8,13,28,140.0900,140.0961,140.0900,140.0999,5461
2019,3,8,13,29,140.1100,140.1100,140.1100,140.1100,821
2019,3,8,13,30,140.1200,140.1400,140.1200,140.1400,9260
2019,3,8,13,31,140.1500,140.1500,140.1500,140.1500,646
2019,3,8,13,32,140.1400,140.1069,140.1069,140.1400,8523
2019,3,8,13,33,140.1000,140.0800,140.0800,140.1000,2612
2019,3,8,13,34,140.0700,140.0760,140.0700,140.0760,2503
2019,3,8,13,35,140.0900,140.0969,140.0900,140.0969,1089
2019,3,8,13,36,140.0899,140.1200,140.0899,140.1200,2162
2019,3,8,13,37,140.1100,140.0800,140.0701,140.1100,2633
2019,3,8,13,38,140.1400,140.1600,140.1400,140.1600,2036
2019,3,8,13,39,140.1800,140.1800,140.1800,140.1900,5917
2019,3,8,13,40,140.1861,140.1901,140.1861,140.2000,1777
2019,3,8,13,41,140.2100,140.2500,140.2100,140.2500,1676
2019,3,8,13,42,140.2500,140.2600,140.2500,140.2600,28215
2019,3,8,13,43,140.2700,140.2751,140.2700,140.2800,1173
2019,3,8,13,44,140.2850,140.2700,140.2700,140.3000,3451
2019,3,8,13,45,140.2699,140.2400,140.2400,140.2699,2779
2019,3,8,13,46,140.2400,140.2400,140.2300,140.2400,1533
2019,3,8,13,47,140.2400,140.2750,140.2400,140.2750,4884
2019,3,8,13,48,140.3064,140.3200,140.3064,140.3299,2652
2019,3,8,13,49,140.3199,140.2900,140.2899,140.3199,3238
2019,3,8,13,50,140.3080,140.3261,140.2928,140.3261,4291
2019,3,8,13,51,140.3300,140.2934,140.2934,140.3300,2764
2019,3,8,13,52,140.2700,140.2800,140.2700,140.2800,1238
2019,3,8,13,53,140.2800,140.2900,140.2800,140.2900,4619
2019,3,8,13,55,140.2800,140.2800,140.2600,140.2800,8053
2019,3,8,13,56,140.2400,140.2650,140.2400,140.2650,1832
2019,3,8,13,57,140.2900,140.2500,140.2500,140.2900,6137
2019,3,8,13,58,140.2600,140.2600,140.2600,140.2600,840
2019,3,8,13,59,140.2500,140.2300,140.2300,140.2500,3313
2019,3,8,14,0,140.2250,140.2280,140.2250,140.2280,1836
2019,3,8,14,1,140.2199,140.2199,140.2199,140.2199,4130
2019,3,8,14,2,140.2000,140.1900,140.1900,140.2000,1806
2019,3,8,14,3,140.1700,140.1700,140.1700,140.1700,1511
2019,3,8,14,4,140.1600,140.1600,140.1600,140.1600,468
2019,3,8,14,5,140.1600,140.1400,140.1400,140.1600,2396
2019,3,8,14,6,140.1600,140.1600,140.1600,140.1600,10124
2019,3,8,14,7,140.1633,140.1550,140.1550,140.1633,4282
2019,3,8,14,8,140.1900,140.1900,140.1900,140.1900,1546
2019,3,8,14,9,140.2000,140.2200,140.2000,140.2200,2082
2019,3,8,14,10,140.2200,140.2200,140.2200,140.2200,952
2019,3,8,14,11,140.2300,140.3100,140.2300,140.3100,2281
2019,3,8,14,12,140.2700,140.2800,140.2700,140.2800,8032
2019,3,8,14,13,140.2599,140.2599,140.2599,140.2599,1374
2019,3,8,14,14,140.2450,140.2500,140.2450,140.2500,3719
2019,3,8,14,15,140.2200,140.2200,140.2200,140.2200,1283
2019,3,8,14,16,140.2800,140.2900,140.2800,140.2900,3897
2019,3,8,14,17,140.2900,140.2900,140.2800,140.2900,10814
2019,3,8,14,18,140.2700,140.2700,140.2700,140.2700,1265
2019,3,8,14,19,140.2862,140.3200,140.2862,140.3200,7558
2019,3,8,14,20,140.2966,140.2966,140.2966,140.2966,2672
2019,3,8,14,21,140.3200,140.3200,140.3200,140.3200,3453
2019,3,8,14,22,140.3500,140.3500,140.3500,140.3500,3701
2019,3,8,14,23,140.3401,140.3401,140.3401,140.3401,3925
2019,3,8,14,24,140.3301,140.3500,140.3301,140.3500,3567
2019,3,8,14,25,140.3700,140.3900,140.3700,140.3900,2583
2019,3,8,14,26,140.3750,140.3750,140.3750,140.3750,2236
2019,3,8,14,27,140.3931,140.3950,140.3931,140.3950,3126
2019,3,8,14,28,140.3958,140.3999,140.3958,140.4100,0
2019,3,8,14,29,140.3950,140.4100,140.3950,140.4200,2042
2019,3,8,14,30,140.4200,140.3899,140.3700,140.4200,5848
2019,3,8,14,31,140.4003,140.4600,140.4003,140.4750,10099
2019,3,8,14,32,140.4650,140.4900,140.4649,140.4900,5848
2019,3,8,14,33,140.4900,140.4850,140.4850,140.4900,1806
2019,3,8,14,34,140.4560,140.4484,140.4484,140.4560,10640
2019,3,8,14,35,140.4301,140.4200,140.4200,140.4301,1377
2019,3,8,14,36,140.4201,140.4400,140.4201,140.4400,1472
2019,3,8,14,37,140.4600,140.4500,140.4500,140.4700,4358
2019,3,8,14,38,140.4769,140.4600,140.4600,140.4769,3505
2019,3,8,14,39,140.4528,140.4600,140.4528,140.4799,4128
2019,3,8,14,40,140.4650,140.4400,140.4400,140.4669,2529
2019,3,8,14,41,140.4459,140.4600,140.4459,140.4750,3369
2019,3,8,14,42,140.4699,140.5000,140.4637,140.5000,5762
