2626,nan,12,19
6499,556.2344034055754,-0.05500000000000682,12,20
2860,556.2344034055754,-0.010000000000005116,12,21
637,556.2344034055754,-0.005500000000000682,12,22
6094,556.2344034055754,-0.017499999999998295,12,23
10483,-505.65877664876524,0.002000000000001023,12,24
5789,-860.02687547726,0.022500000000002275,12,25
3969,-70.84859699268975,0.03089999999999975,12,26
7791,222.65530422949098,0.03319999999999936,12,27
11165,-911.0799424290051,0.03049999999999784,12,28
4441,506.226553805611,0.011799999999996659,12,29
1458,-101.23110139126368,0.009600000000003207,12,30
13345,809.6499915843935,-0.009999999999999433,12,31
1152,0.0,-0.03100000000000023,12,32
6841,-101.1814034770353,-0.020000000000001707,12,33
4019,202.3557112353913,-0.017000000000001594,12,34
1936,606.8968921670859,-0.014999999999997727,12,35
3063,0.0,-0.021999999999997046,12,36
15208,505.55246019357014,-0.03199999999999932,12,37
315,101.08923669349679,-0.02900000000000205,12,38
1806,-101.08923669349679,-0.016000000000002502,12,39
2401,-505.55246019357014,0.0,12,40
8387,-202.27059842348183,0.02000000000000455,12,41
1281,-303.4590807091675,0.028999999999999207,12,42
4723,404.59792479730083,0.01699999999999875,12,43
877,-303.43780549113575,0.006999999999996476,12,44
4784,-251.9018565951825,0.007979999999997744,12,45
9092,352.04338800642887,0.0015100000000046522,12,46
627,-403.643171510204,0.011010000000001697,12,47
1808,-142.66783015148832,0.00933000000000277,12,48
4691,-1071.9776138472525,0.03042000000000087,12,49
758,303.75724733566756,0.03797999999999888,12,50
2124,404.9102021763673,0.01759000000000128,12,51
3585,404.7965910096707,-0.007820000000003801,12,52
1519,-809.706793186038,-0.014000000000001478,12,53
5735,-433.37980731461556,0.01255999999999915,12,54
5013,-275.4866152736568,0.03427999999999827,12,55
5801,-101.29507049150277,0.03900000000000432,12,56
3729,1.0129859102647742,0.019700000000003118,12,57
3561,444.6321349371729,-0.0003699999999980719,12,58
1634,-243.06209153390768,-0.006399999999999295,12,59
1894,-303.8852124745972,9.999999997489795e-06,13,0
3132,101.3021831610672,0.005420000000000869,13,1
3283,201.57018492383827,0.00682000000000187,13,2
5406,-345.42140625060114,0.003849999999999909,13,3
1179,78.0056114004779,0.000719999999998322,13,4
3463,-238.08228155797195,0.008639999999999759,13,5
3705,-405.33681263710264,0.019560000000001312,13,6
6033,0.0,0.01751000000000147,13,7
2972,-202.7111203126708,0.020699999999996523,13,8
3253,162.1711747992194,0.010799999999994725,13,9
1662,-180.41657277834133,0.004759999999996012,13,10
5230,322.30139844902084,-0.0018200000000035744,13,11
2866,-10.134167659714421,-0.007200000000000273,13,12
8576,-91.21071249751367,-0.003879999999998063,13,13
892,304.0132854756905,-0.009359999999995238,13,14
2980,64.84787716054541,-0.007379999999997722,13,15
1004,-470.21316245920985,0.00015999999999962713,13,16
3104,101.35199982297394,0.003999999999999205,13,17
2367,861.2046429199438,-0.0073599999999999005,13,18
487,455.72382907010933,-0.02821999999999605,13,19
1099,101.25241544667318,-0.043000000000000684,13,20
46540,-708.9161833153668,-0.01949999999999932,13,21
3796,-303.9278914842569,0.015000000000003412,13,22
2399,-305.00534604183116,0.03401999999999816,13,23
4859,-101.3449513500575,0.03403000000000134,13,24
2785,1.0134847547860204,0.018009999999998173,13,25
2190,0.0,0.00899000000000001,13,26
3678,440.79836601618183,-0.0067299999999960395,13,27
16510,-947.629581800058,0.005629999999996471,13,29
44428,433.8584936318668,0.006439999999994939,13,30
27181,579.6259462842456,-0.004930000000004498,13,31
1527,101.309296828056,-0.013300000000000978,13,32
5036,0.0,-0.028719999999995596,13,33
1746,668.4629950379772,-0.02763999999999669,13,34
750,-60.75656613280245,-0.020599999999998887,13,35
2627,-303.8212164305776,-0.012000000000000455,13,36
10900,-303.8852124745972,0.0036000000000001365,13,37
1694,0.0,0.01920000000000073,13,38
4834,911.4636762408423,-0.0030000000000001137,13,39
12569,1315.5428633337963,-0.04699999999999989,13,40
3701,-202.31314587793037,-0.0620000000000033,13,41
13035,-203.35329970233573,-0.04698000000000207,13,42
8427,-182.13176358550243,-0.010370000000000346,13,43
2658,81.9621390180103,0.013809999999998013,13,44
2924,-202.38409809270053,0.010990000000001034,13,45
1749,-404.85338862339404,0.015169999999997685,13,46
812,202.44089570642387,0.012380000000001702,13,47
3161,-506.1555119407757,0.020000000000001707,13,48
4175,-303.7785673729587,0.02299999999999898,13,49
712,63.79880522811021,0.01874000000000251,13,50
3243,-102.28198839445923,0.019130000000001247,13,51
1099,139.74981296804856,0.004380000000003293,13,52
1655,-42.53111874508164,-0.0015299999999996317,13,53
4880,386.78450061890857,-0.008500000000000797,13,54
1062,60.74207054052039,-0.014159999999998264,13,55
3338,1113.1516316833513,-0.034420000000000076,13,56
4549,-202.32733234060163,-0.038439999999999946,13,57
1555,47.54947371310436,-0.029140000000003854,13,58
3030,862.7001528935807,-0.034470000000001735,13,59
1885,0.0,-0.02299999999999898,14,0
13311,-202.22806886138756,-0.022529999999997587,14,1
3206,404.4277946153585,-0.019059999999998925,14,2
2853,0.0,-0.00600000000000307,14,3
761,101.08923669349679,-0.010000000000002274,14,4
8787,203.16794094821233,-0.015020000000004075,14,5
3008,-304.2571776417091,-0.003010000000000446,14,6
11232,-404.4277946153585,0.009000000000003184,14,7
4144,-353.96734501258464,0.024010000000004084,14,8
2320,151.7109250990245,0.025520000000003054,14,9
4249,50.566763323267594,0.012999999999999547,14,10
8185,50.564991012080895,-2.842170943040401e-15,14,11
2800,707.7238507831041,-0.019999999999998866,14,12
4985,245.60012286567456,-0.028359999999997856,14,13
1688,-44.467704364947735,-0.028409999999999516,14,14
5330,-403.30380909026076,-0.011990000000002965,14,15
12075,-407.4614314504288,0.016489999999996032,14,16
13187,-300.3616271666232,0.03088000000000193,14,17
2411,295.3055515986236,0.023140000000003626,14,18
3638,109.20729021890452,0.006050000000001887,14,19
2460,-303.3739977293948,-6.0000000001991796e-05,14,20
5167,100.12047188290296,-0.002060000000003015,14,21
2892,219.4316806196639,-0.00047000000000139156,14,22
2698,138.51802353492815,-0.006219999999999004,14,23
301,249.70327518492041,-0.017539999999999622,14,24
4043,88.95266936725932,-0.01762000000000228,14,25
2928,113.20455661856244,-0.015030000000001565,14,26
4139,-808.7989228728886,0.0050600000000002865,14,27
701,0.0,0.018880000000001475,14,28
4351,143.5949114938495,0.01891999999999996,14,29
2483,-245.73801917426863,0.01659999999999968,14,30
4082,607.6955678739893,-0.008990000000002852,14,31
4793,-505.55246019357014,-0.0035799999999994725,14,32
2304,-26.293574149072185,0.0023500000000041157,14,33
5736,-1004.571093426776,0.023620000000002507,14,34
12762,-183.1845268362997,0.04419000000000324,14,35
6117,202.41249291697017,0.03173999999999921,14,36
3804,404.73980932809184,0.011289999999999623,14,37
991,202.32733234060163,-0.01838000000000193,14,38
5839,-66.76488287471471,-0.020680000000004386,14,39
5274,-439.106660893529,-0.003340000000000032,14,40
3167,-101.19559790044974,0.012999999999999547,14,41
622,-248.9713835718277,0.02225999999999999,14,42
19295,-155.88200505156635,0.02213999999999885,14,43
2106,242.92566625838674,0.009199999999995613,14,44
8230,-344.1567676496504,0.009140000000002146,14,45
1955,304.68413020745544,6.0000000004833964e-05,14,46
6540,-102.2290301149198,-0.001609999999996603,14,47
2136,240.88455431581224,-0.003959999999997877,14,48
7974,28.336715284460468,-0.010690000000002442,14,49
5901,-116.38648930745177,-0.0036599999999992862,14,50
2966,150.79460962930114,-0.005129999999999768,14,51
7458,303.56550156973583,-0.0075800000000015196,14,52
12535,-1214.6454439987408,0.012829999999999587,14,53
4375,1047.692322710958,0.003319999999999368,14,54
4004,-35.41678238150325,-0.00034999999999740794,14,55
4943,-404.8249878225718,0.002000000000001023,14,56
4641,809.5364122846504,-0.0236500000000035,14,57
5269,202.31314587793037,-0.015300000000002001,14,58
5776,-303.4803589123669,-0.01599999999999966,14,59
33971,-505.9425059350531,-0.0030000000000001137,15,0
5935,264.1241238334757,0.014780000000001792,15,1
4119,39.462670866186045,0.012389999999996348,15,2
9617,303.52292426982785,-0.0050000000000039796,15,3
10507,-607.1097189694897,-0.003390000000001692,15,4
3615,-202.42669331516083,0.012219999999999231,15,5
7843,50.609336152085405,0.017000000000004435,15,6
1595,-455.5479510877092,0.02550000000000239,15,7
14830,0.0,0.01599999999999966,15,8
7890,-506.33315400183676,0.022499999999999434,15,9
3831,405.0807385551636,0.016000000000002502,15,10
1361,-226.83120081179453,0.007480000000001041,15,11
3773,125.57167868720853,0.002240000000000464,15,12
8690,-607.7064289051748,0.006999999999999318,15,13
4618,-111.44061780044012,0.02095999999999947,15,14
2461,-193.5218888933221,0.02264000000000408,15,15
4493,203.65320986570623,0.01700999999999908,15,16
5168,-709.3643444449071,0.01589999999999634,15,17
5404,-102.37994054485,0.020810000000000176,15,18
4666,-303.1277680882738,0.025990000000001602,15,19
1968,415.6439411397983,0.017800000000005412,15,20
14029,395.25752945479553,-0.009109999999998309,15,21
7102,-202.68264164879923,-0.014020000000002142,15,22
12811,-234.13389367110682,-0.00928000000000111,15,23
3586,31.422773358436018,0.004509999999996239,15,24
2643,202.7111203126708,0.006000000000000227,15,25
2651,-202.7111203126708,0.0016899999999964166,15,26
2639,101.35912048969686,-0.00262000000000171,15,27
6842,-709.6634334606833,0.012999999999999547,15,28
27151,303.1703766378513,0.01601999999999748,15,29
4692,542.3031146749579,-0.0006699999999966622,15,30
6275,472.1951661030843,-0.020339999999998783,15,31
8747,101.309296828056,-0.03800999999999704,15,32
5977,303.8852124745972,-0.033679999999998246,15,33
9091,302.8085853173934,-0.027299999999999616,15,34
19377,102.27215323777017,-0.021989999999996714,15,35
3736,-139.74000411209886,-0.015239999999997167,15,36
9507,190.36710010844615,-0.00863000000000227,15,37
8568,210.5896534461138,-0.007680000000001997,15,38
3446,-362.4762715670471,-0.0019600000000025374,15,39
10080,303.75724733566756,-0.005260000000001242,15,40
5992,364.4242955145316,-0.009619999999998186,15,41
3679,-364.4242955145316,-0.005440000000001533,15,42
14548,0.0,-0.006000000000000227,15,43
18945,303.6933051712154,-0.0024000000000000913,15,44
3888,607.1948914918579,-0.013800000000000524,15,45
25611,-1619.7546192513457,0.004999999999998295,15,46
6210,339.2866744418299,0.017299999999997342,15,47
7171,65.8225008107749,0.024649999999999752,15,48
5344,50.63064946053686,0.019000000000002615,15,49
2903,-50.63064946053686,-0.009149999999996794,15,50
12472,708.6674495120349,-0.015299999999996317,15,51
13524,0.0,-0.02049999999999841,15,52
4852,0.0,-0.019999999999998866,15,53
3275,-202.44089570642387,-0.010000000000002274,15,54
22656,-708.7669220853243,0.019999999999998866,15,55
18299,303.79989040429933,0.021000000000000796,15,56
9792,-506.3686973771908,0.025999999999999093,15,57
7096,-203.61031140758712,0.024020000000001575,15,58
7872,1.0130577550171438,0.01500999999999806,15,59
50666,-202.6257083231897,0.020000000000001707,16,0
73335,-2902.6956650115567,0.0672300000000007,9,31
2874,265.9684399128892,0.08659999999999855,9,32
8815,0.0,0.08199999999999932,9,33
5440,-101.50888594484542,0.0513799999999975,9,34
50793,-1117.0693867343928,0.019760000000002265,9,35
7861,-1321.2890092981766,0.06200000000000046,9,36
5196,-305.0847734682449,0.08000000000000114,9,37
16353,-1051.002386944333,0.09065999999999974,9,38
10130,338.8869202263223,0.059329999999997086,9,39
2042,-508.86919538850606,0.037000000000000456,9,40
24235,-50.89679282654913,0.02667000000000144,9,41
8395,-254.51090140737875,0.014840000000003784,9,42
21675,-1018.4928350209788,0.03900000000000148,9,43
6658,101.8816455280458,0.036499999999995224,9,44
6180,203.741709261962,0.027999999999997274,9,45
39464,-2140.724353825618,0.053000000000000116,9,46
28194,-918.4265822463899,0.07299999999999898,9,47
9009,1530.3863118418803,0.056000000000003075,9,48
3816,-611.9597295954904,0.036000000000001364,9,49
9702,-1020.5100806714995,0.011000000000001365,9,50
6989,102.08349842510955,0.01599999999999966,9,51
23629,-805.6352083283258,0.054779999999993834,9,52
25851,-2260.0162658559243,0.08488999999999579,9,53
13181,613.6516642447632,0.0759999999999991,9,54
11051,613.3907579171093,0.052110000000001835,9,55
5905,817.4488728593942,-0.0077799999999967895,9,56
17650,-817.4488728593942,-0.03799999999999955,9,57
9227,510.95982148741115,-0.021999999999997046,9,58
2305,204.33326865010315,-0.010999999999998523,9,59
4969,817.0437941092956,-0.02100000000000364,10,0
12046,408.3484433969886,-0.04800000000000182,10,1
6581,-510.45361636781195,-0.030000000000001137,10,2
13208,-663.8598255843675,2.842170943040401e-15,10,3
6836,662.8387373597277,0.013520000000005439,10,4
21783,-509.61320050646464,0.020009999999999195,10,5
7665,1326.2528949589125,-0.017480000000003316,10,6
32339,-1428.4014446444005,-0.009000000000000341,10,7
13130,918.0558092749536,-0.004999999999998295,10,8
128475,205.1806455094507,-0.014999999999997727,10,9
4032,-816.8125007372851,0.010980000000000701,10,10
16919,510.56200443966304,-0.010010000000002607,10,11
7966,-606.5678420217324,0.01685999999999979,10,12
3044,-536.3203337029887,0.02931999999999846,10,13
15633,376.977396146394,0.016189999999994598,10,14
17208,51.07337077703278,0.015559999999996422,10,15
1124,-103.17007170801418,-4.999999999881766e-05,10,16
6895,409.5723327921519,-0.013869999999997162,10,17
24508,-2350.7487005023363,0.03600000000000421,10,18
7579,0.0,0.05899000000000285,10,19
15779,-203.57102164592078,0.0649599999999964,10,20
19652,-614.979378121383,0.06398999999999831,10,21
7897,206.7278087736213,0.019959999999997535,10,22
2580,918.6592957526329,-0.002009999999998513,10,23
6196,920.1187547835943,-0.03897999999999513,10,24
7673,-511.10463597936473,-0.04798000000000116,10,25
11954,306.68450940396497,-0.03596000000000004,10,26
3492,510.9960174172201,-0.021999999999999888,10,27
30709,306.51075662646576,-0.019999999999998866,10,28
1322,357.5135972351262,-0.03699999999999761,10,29
2530,0.0,-0.029500000000001594,10,30
2089,-289.0684231502405,-0.010839999999998896,10,31
3814,917.0563583493774,-0.01646999999999821,10,32
9393,239.89070507202115,-0.023150000000001114,10,33
4045,408.23289488223224,-0.03633000000000095,10,34
3902,204.07313718084907,-0.041010000000002836,10,35
7752,0.0,-0.02270000000000323,10,36
16118,-918.5565283607034,0.003999999999999205,10,37
5033,-270.57535785868225,0.028299999999998705,10,38
5684,270.57535785868225,0.029650000000000887,10,39
4141,-509.5407000865748,0.027980000000002295,10,40
7740,-613.9343097721905,0.02434000000000367,10,41
7435,-517.0924383079978,0.03781999999999926,10,42
14180,925.7300393654689,0.02506999999999664,10,43
14388,-1526.8529817662468,0.029899999999997817,10,44
1182,607.2555592213646,0.015879999999998517,10,45
2266,1021.7387402198242,-0.011119999999996822,10,46
5068,204.26094340919576,-0.021940000000000737,10,47
4534,832.0644331138993,-0.06417999999999893,10,48
7616,86.75209781916493,-0.05215000000000032,10,49
14729,714.2307360572531,-0.045000000000001705,10,50
7448,-408.0885511656973,-0.03184999999999718,10,51
16044,-306.14218489155576,-0.004700000000002547,10,52
8915,-102.06183307914785,0.009000000000003184,10,53
4881,816.292569136401,0.003999999999999205,10,54
3042,407.9731496648975,-0.02300000000000182,10,55
7725,611.7434894017392,-0.04599999999999796,10,56
34309,-917.7125353101445,-0.028000000000000115,10,57
7947,407.9443094884283,-0.006999999999996476,10,58
8924,-100.9554752640085,0.004980000000000474,10,59
6555,-87.70443001271389,0.0106899999999996,11,0
10930,-525.3183542830442,0.007849999999999113,11,1
4486,-306.09888177846045,0.026009999999999422,11,2
4535,232.64107296139258,0.02160999999999831,11,3
4324,852.6964545083615,-0.004260000000002151,11,4
17937,-1289.4395354337007,-0.0006400000000041928,11,5
2440,-205.15161392520298,0.012299999999999046,11,6
2678,-100.03475010744722,0.029190000000005514,11,7
2512,-715.7570236229205,0.0482700000000051,11,8
3716,408.46405734029645,0.019990000000001375,11,9
2370,0.0,0.010989999999995349,11,10
2972,510.4174972361264,-0.007980000000003429,11,11
2378,408.2040179707036,-0.030999999999997387,11,12
3706,-150.00155337396848,-0.02405999999999722,11,13
1386,48.98181394086265,-0.018549999999999046,11,14
9096,203.05269968634576,-0.009010000000003515,11,15
13390,-408.1751451447957,0.0035299999999949708,11,16
3858,-510.38138321590765,0.01507000000000005,11,17
1691,153.13337437827812,0.02002000000000237,11,18
5164,-1276.6083842370435,0.043500000000005916,11,19
6816,715.0398621416088,0.02900000000000205,11,20
3510,1.0212320598057545,0.013479999999995586,11,21
3343,-449.41193766590004,0.012769999999994753,11,22
2289,777.1900745296989,-0.01605000000000132,11,23
1549,79.63577879355199,-0.011209999999996967,11,24
7670,0.0,-0.01636999999999773,11,25
8332,409.3402042082417,-0.02557999999999936,11,26
4005,611.242068750073,-0.025569999999999028,11,27
15661,306.03395007133827,-0.035999999999998526,11,28
7461,203.98657381459628,-0.03899000000000115,11,29
6598,20.39707114764866,-0.02737999999999943,11,30
18460,1101.0138216054343,-0.034199999999998454,11,31
29436,815.0244074620616,-0.053000000000000116,11,32
9252,407.3396062604928,-0.06479999999999962,11,33
12454,407.2246278932212,-0.06560000000000059,11,34
12852,28.501419690130092,-0.04055999999999926,11,35
7148,-537.5501673903216,-0.0102800000000002,11,36
7309,305.45080199306796,0.0009999999999962485,11,37
3941,-305.45080199306796,0.01227999999999554,11,38
3949,509.0487477001915,0.000560000000001537,11,39
3148,-306.4258280023324,-0.005979999999999564,11,40
5347,-508.1384061513816,0.010009999999999764,11,41
9045,101.84568433846408,0.012000000000000455,11,42
2009,304.4757162964373,0.012010000000000787,11,43
8320,204.6448878116891,-0.006009999999997718,11,44
2467,-101.80974852680436,-0.014999999999997727,11,45
2975,1.0181330498681973,-0.009029999999998496,11,46
7265,-591.6563973400457,0.0105700000000013,11,47
1669,122.22086087376738,0.017000000000001594,11,48
10421,-448.1937860765228,0.022609999999994558,11,49
1457,-1.0187808419104272,0.021239999999994555,11,50
3856,-406.5509770470044,0.01880999999999915,11,51
1649,-152.86834884609135,0.023799999999999957,11,52
5946,560.4381067350062,0.0054900000000003505,11,53
2084,-202.75156231175373,-4.0000000001327866e-05,11,54
2543,-510.5710929571572,0.002490000000000237,11,55
1319,101.92483249138462,0.008000000000001251,11,56
11163,20.38410242111155,0.015610000000003767,11,57
6734,183.44396246749994,0.002820000000002665,11,58
2566,-203.8280648886115,-0.004000000000002046,11,59
1396,-101.92483249138462,0.002200000000001978,12,0
2848,-305.81770986515266,0.011400000000000432,12,1
2545,-713.8268593225305,0.030000000000001137,12,2
2899,509.9123655716298,0.021999999999999888,12,3
7953,-662.9212258655315,0.02499999999999432,12,4
1595,458.97790620230694,0.009499999999997046,12,5
1431,-203.97215372369715,2.842170943040401e-15,12,6
2914,1223.4005743829712,-0.018499999999994545,12,7
2412,41.781196697954215,-0.039819999999994596,12,8
4941,263.9069156629148,-0.038409999999998945,12,9
1773,-356.64242888966413,-0.026000000000001935,12,10
2686,112.0971209243038,-0.0002900000000011005,12,11
2088,103.93682082820987,-2.0000000000663933e-05,12,12
2921,-499.37276614553383,0.010439999999996986,12,13
2676,-430.21063452641783,0.0178799999999967,12,14
985,50.979524056415926,0.024319999999997323,12,15
1684,188.60857713853818,0.017260000000001698,12,16
3959,-493.4929580899805,0.011070000000003688,12,17
1054,201.9038864595757,0.0040099999999995365,12,18
3733,-185.58737143514747,0.008519999999998617,12,19
2966,-221.30845706413993,0.01354000000000042,12,20
1618,-204.00099594120036,0.012010000000000787,12,21
2904,0.0,0.016149999999998953,12,22
4901,305.99067757108855,0.00433999999999628,12,23
231,-101.9896816298882,-0.0030000000000001137,12,24
22653,407.9154733869217,-0.013999999999998637,12,25
7849,0.0,-0.015000000000000568,12,26
5590,407.80016973851474,-0.018000000000000682,12,27
1821,305.7744984893418,-0.026000000000001935,12,28
926,611.354641915085,-0.03299999999999841,12,29
1444,-611.354641915085,-0.02299999999999898,12,30
1647,-304.75514250039026,-2.0000000000663933e-05,12,31
1075,405.64650657426427,0.0070100000000024925,12,32
61967,-2242.6750707662536,0.05301000000000329,12,33
34553,1632.1235322154237,0.02801000000000329,12,34
10495,1222.8820743960255,-0.013989999999998304,12,35
3251,-407.51219560153373,-0.032020000000002824,12,36
4338,-101.89603711552309,-0.05400000000000489,12,37
11809,254.72660003700298,-0.014000000000001478,12,38
8795,152.81437467606906,0.0004999999999995453,12,39
2151,-101.87445125797723,-0.008000000000001251,12,40
2139,305.6017750289186,-0.01249999999999716,12,41
4018,-202.7086155855784,-0.005020000000001801,12,42
3291,609.058699091669,-0.012989999999999214,12,43
1802,-305.515702113901,-0.01196999999999946,12,44
7804,102.86417749050258,-0.006980000000001496,12,45
8240,916.2877671551328,-0.023989999999997735,12,46
1120,-712.6179650400743,-0.010030000000000427,12,47
5970,-305.51548645352256,-0.002020000000001687,12,48
1508,101.84568433846408,0.009999999999999433,12,49
9041,609.90517842896,0.008020000000001914,12,50
1560,-203.61245661604244,-0.010970000000000368,12,51
10112,-406.29272181291753,-0.005989999999999896,12,52
5853,526.427546868824,-0.0043500000000022965,12,53
4309,288.07920215534466,-0.005200000000002092,12,54
24361,1428.3485975363774,-0.04410000000000025,12,55
2721,97.61322814227924,-0.06286999999999808,12,56
6640,0.0,-0.05065999999999349,12,57
3336,203.33968192876029,-0.034959999999995266,12,58
2423,-305.02027124157394,-0.0019199999999983675,12,59
2397,-152.53432225126318,0.0059999999999945436,13,0
4969,-559.4305331317884,0.020499999999995567,13,1
845,203.4543848932202,0.022999999999996135,13,2
6701,-50.86090641892582,0.014500000000001024,13,3
6023,254.28660344051224,0.0015000000000043201,13,4
1540,141.36396619601754,-0.012779999999997927,13,5
541,-548.2440481108242,0.00011000000000080946,13,6
10001,-282.8492621818057,0.01255999999999915,13,7
1464,-225.91226260626485,0.026170000000001893,13,8
2303,-305.3430554036396,0.03178000000000338,13,9
613,-203.59794570712353,0.025219999999998778,13,10
2462,305.3861449160422,0.013439999999994257,13,11
3776,407.0809961795874,-0.0050000000000039796,13,12
3304,0.0,-0.017000000000001594,13,13
1682,203.4974318751992,-0.021999999999999888,13,14
1248,-370.38674764122703,-0.00671999999999855,13,15
549,370.38674764122703,-0.0023600000000016056,13,16
591,-115.99001846285262,-0.0017200000000002547,13,17
1450,-455.91077682605174,0.008740000000003079,13,18
1783,-243.27920336109088,0.01436000000000206,13,19
319,204.60157059520867,0.018870000000001143,13,20
1380,175.0589052296192,0.0066599999999965576,13,22
1770,-276.8471044385379,-0.0009700000000009368,13,23
4652,-509.0487477001915,0.008979999999999677,13,24
2368,37.6757619386936,0.018980000000004795,13,25
4197,-241.34556405375207,0.024070000000003235,13,26
23708,-101.84568433846408,0.01799999999999784,13,27
1587,-101.8528745442282,0.01137000000000228,13,28
1949,1.0185643404270195,0.010720000000000597,13,29
1394,507.1557108387026,-0.004989999999997963,13,30
2675,1.0182056255914063,-0.012989999999999214,13,31
11297,-916.6759013616854,0.0030099999999976036,13,32
402,-407.598545129062,0.025009999999997493,13,33
2644,101.910432768193,0.03697999999999979,13,34
584,-407.6849312575348,0.034999999999999434,13,35
355,-407.80016973851474,0.02499999999999716,13,36
5401,0.0,0.021999999999997046,13,37
1530,101.96084960423235,0.01799999999999784,13,38
2576,-203.92890568743383,0.009000000000003184,13,39
2100,509.7682258217162,-0.006999999999996476,13,40
414,181.434021047977,-0.014559999999997332,13,41
1180,430.05018175890086,-0.024780000000001225,13,43
1292,169.13153410680337,-0.03131999999999948,13,44
1017,-169.13153410680337,-0.017879999999999542,13,45
789,234.33357706892366,-0.013040000000000874,13,46
2558,-336.22961418444675,0.0013599999999968305,13,47
3328,305.6665234550948,0.0003199999999935699,13,48
3101,219.02117760674855,-0.00799999999999841,13,49
3072,149.73022670083935,-0.011789999999996326,13,50
3493,468.4431934673938,-0.02605999999999824,13,51
3569,-634.4715254895661,-0.01004999999999825,13,52
15245,-953.7597407129895,0.020669999999995525,13,54
1187,-165.13782898286422,0.0408099999999962,13,55
2973,-1.0194280175568338,0.0454199999999986,13,56
1936,-133.55129882963723,0.0262299999999982,13,57
711,56.072661658745915,0.0061000000000007056,13,58
796,77.47863717089132,0.0007800000000003139,13,59
4191,-152.92236116071223,0.001690000000002101,14,0
1647,458.71846381118075,-0.00788000000000011,14,1
7280,-343.5154457296363,-0.0037799999999975856,14,2
3125,-298.731250476969,0.005470000000002528,14,3
2299,132.55050970339965,0.00730000000000075,14,4
2366,-203.92890568743383,0.01563000000000443,14,5
12311,-713.9782595597666,0.021960000000001402,14,6
10886,-306.09888177846045,0.030400000000000205,14,7
1117,0.0,0.03400000000000034,14,8
2883,-306.16384104309446,0.028999999999999207,14,9
2217,214.32151070754912,0.010799999999997568,14,10
5992,193.88250726315448,-0.0010999999999995681,14,11
1077,-204.08757155099266,-0.002000000000001023,14,12
4117,-510.34527430537935,0.0061000000000007056,14,13
5576,-306.2938423212813,0.023200000000002774,14,14
1171,-408.49297105616245,0.035999999999998526,14,15
3275,-306.44565008230984,0.037000000000000456,14,16
3134,-204.33326865010315,0.03100000000000023,14,17
2954,54.15113468121291,0.021940000000000737,14,18
2850,-298.3673524106223,0.016250000000002273,14,19
2800,512.908472559026,0.0011299999999977218,14,20
7993,1057.936176476204,-0.028080000000005614,14,21
801,103.09707485056663,-0.04232000000000369,14,22
3663,-408.3484433969886,-0.036150000000003506,14,23
1211,-175.625372343724,-0.008310000000000173,14,24
962,-25.52872333438927,0.015639999999999078,14,25
2084,-373.79223564659725,0.021230000000002747,14,26
5477,3.064264476826395,0.01511000000000422,14,27
3742,520.8303836603534,0.001190000000005398,14,28
859,153.14963028689732,-0.011069999999998005,14,29
3256,-234.83608115881793,-0.015260000000003516,14,30
4455,336.9268034099093,-0.014400000000000546,14,31
8549,-510.525869968248,0.003999999999996362,14,32
4415,-204.26094340919576,0.013700000000000045,14,33
4815,-919.532297550596,0.032400000000001226,14,34
3420,0.0,0.043000000000000684,14,35
4961,-102.20644266922818,0.03300000000000125,14,36
1775,204.40564512735904,0.017000000000001594,14,37
2068,-306.6193290335306,0.003000000000002956,14,38
1798,-551.0565015018898,0.015780000000003725,14,39
4655,-266.91377747045664,0.02639000000000067,14,40
5053,613.5211833440123,0.017999999999995,14,41
1478,-613.5211833440123,0.012609999999995125,14,42
6725,204.53605207571002,0.0012199999999950252,14,43
8336,408.9851312683024,-0.008000000000001251,14,44
3742,0.0,-0.006000000000000227,14,45
2860,0.0,-0.01599999999999966,14,46
41728,-885.5990710303629,0.009320000000002437,14,47
22029,-444.02673869647913,0.03465999999999952,14,48
9891,-552.6665377484363,0.049799999999999046,14,49
4907,757.3041325450447,0.03174000000000206,14,50
1801,-159.61483339133054,0.005799999999999273,14,51
8664,-147.3524448103447,-0.003839999999996735,14,52
8610,105.39946177168247,-0.007859999999996604,14,53
18809,-891.5334483434733,0.02177000000000078,14,54
5761,479.1013799669841,0.01656000000000404,14,55
8819,-165.82478090665376,0.013269999999999983,14,56
4866,779.8246657131358,-0.006999999999999318,14,57
4754,-595.5760856428683,-0.01571999999999889,14,58
1213,-736.111485615254,0.012219999999999231,14,59
6205,717.6876864516402,0.009770000000000324,15,0
7423,-941.9743121350521,0.030579999999997654,15,1
1997,-275.54134482254966,0.026329999999998677,15,2
23920,603.254347272042,0.009870000000000802,15,3
6987,-756.9247947945001,0.02357999999999834,15,4
6099,-246.93146660403897,0.014699999999999137,15,5
9877,594.2033755932385,0.0060199999999980495,15,6
1967,-102.43139916177313,0.00660999999999774,15,7
7804,235.58134641188389,-0.014179999999998928,15,8
7773,350.2281063170187,-0.022339999999999804,15,9
3200,540.5361419237308,-0.025719999999998324,15,10
2033,-409.47847883998634,-0.022699999999997545,15,11
4705,307.11975440933514,-0.016679999999999497,15,12
2601,184.2404754297533,-0.011160000000000992,15,13
3336,583.2729974200035,-0.01779999999999973,15,14
2672,-665.1547484191055,-0.015499999999997273,15,15
3151,204.69566448788612,-0.00519999999999925,15,16
9026,0.0,0.0020999999999986585,15,17
3733,306.98905124637577,0.0009999999999962485,15,18
4820,306.92374137508693,-0.019000000000002615,15,19
5437,306.85845928335453,-0.02400000000000091,15,20
9696,227.03324758932553,-0.02844000000000051,15,21
5883,693.1507152891925,-0.03522000000000105,15,22
6229,-744.2812124853759,-0.018440000000001077,15,23
5671,233.14036005750438,-0.0074999999999988635,15,24
10734,-224.95935873134698,0.005840000000000601,15,25
10226,1042.6978195576808,-0.006080000000000041,15,26
4579,-347.48221295455295,-0.021759999999997604,15,27
3759,-711.5776556467779,-0.002080000000000837,15,28
2374,-474.580161959004,0.01996000000000038,15,29
3395,-409.24616709947514,0.04959999999999809,15,30
4884,-409.3622900098737,0.047839999999999355,15,31
4203,818.6084571093488,0.01728000000000236,15,32
742,-51.14942266715161,-0.0030000000000001137,15,33
2037,460.27953271465805,-0.023499999999998522,15,34
5384,-207.61903107402446,-0.023940000000001762,15,35
13483,616.633149878254,-0.018470000000002075,15,36
809,102.23541377563095,-0.02300000000000182,15,37
6600,102.22816945848479,-0.01903000000000077,15,38
9195,204.43461007602082,-0.02205999999999904,15,39
14941,1021.7387402198242,-0.030999999999997387,15,40
3092,-306.44565008230984,-0.03199999999999932,15,41
10913,-373.95186313027295,-0.017680000000001427,15,42
7283,-648.004006541747,0.012659999999999628,15,43
4654,-306.7279783826038,0.041999999999998754,15,44
5896,497.8887631805762,0.025600000000000026,15,45
35631,626.4618162239444,-0.005189999999996076,15,46
9350,-102.17748797636261,-0.02499999999999716,15,47
2118,0.0,-0.025129999999998633,15,48
5422,-408.78233351104853,-0.0012600000000020373,15,49
6055,-204.43461007602082,0.01799999999999784,15,50
14833,-511.21330072678717,0.027999999999997274,15,51
4753,-511.39451135906455,0.03899999999999864,15,52
6879,-306.92374137508693,0.04000000000000057,15,53
18119,-102.32242572438821,0.035999999999998526,15,54
15369,410.2691370553302,0.013980000000000815,15,55
11189,1430.4250973333765,-0.03100999999999772,15,56
10270,613.0432277320352,-0.0639999999999958,15,57
2068,408.5508107696256,-0.07598999999999877,15,58
8922,-307.4237107805189,-0.05196000000000254,15,59
38179,307.4237107805189,-0.02099000000000615,16,0
136293,-12719.18548202855,0.23999999999999774,9,31
17274,1235.8013811999413,0.3449900000000014,9,32
10685,102.93568131825026,0.3279800000000023,9,33
2690,0.0,0.20900000000000318,9,34
65569,-1647.8528814829474,0.005000000000001137,9,35
4690,1647.8528814829474,0.014000000000001478,9,36
4621,-1132.6966393045977,0.021999999999997046,9,37
4737,-513.0952507341747,0.026959999999996855,9,38
8733,1028.0676070459904,-0.004019999999999868,9,39
17535,1029.3935798042498,-0.012999999999996703,9,40
3357,-927.4508510799251,-0.03195999999999799,9,41
28741,308.8733793337184,-0.028930000000002565,9,42
1449,-272.83474412254094,0.0033299999999940157,9,43
5171,-137.9813639355021,0.019649999999998613,9,44
3143,-205.9668846232654,0.009970000000001278,9,45
5182,546.7774889051924,0.004699999999999704,9,46
16536,1511.5693303489052,-0.036629999999999545,9,47
4234,51.42106253686052,-0.05699999999999932,9,48
1597,462.7071068661337,-0.06518999999999835,9,49
3775,-308.45491495323785,-0.038380000000000795,9,50
8840,1103.9641630548047,-0.02698000000000036,9,51
5791,-1103.9641630548047,-0.01074000000000126,9,52
6899,-617.1077477237219,0.018000000000000682,9,53
3527,-360.10145799103555,0.03573999999999842,9,54
9904,360.10145799103555,0.04297999999999718,9,55
5368,410.4060533292042,0.004020000000002711,9,56
2866,206.7016943945177,-0.019489999999998987,9,57
1530,102.82563283592339,-0.02699999999999818,9,58
3853,514.0182620690937,-0.027010000000001356,9,59
9461,-1594.0531006197743,0.008979999999996836,10,0
8500,-1384.655440058502,0.0563999999999993,10,1
16918,496.36389737273134,0.06721000000000288,10,2
5129,-707.5247969918763,0.07063000000000273,10,3
6600,411.9925896173271,0.02505000000000166,10,4
3057,720.7040496872708,-0.015029999999998723,10,5
689,-922.5657178424385,-0.001340000000001851,10,6
4570,-818.0348260475866,0.013759999999999196,10,7
20940,-95.84551554642218,0.038560000000001086,10,8
104871,784.0972099595333,0.029310000000003812,10,9
13820,331.64479978964323,-0.010599999999996612,10,10
28657,1646.7948320313396,-0.06262999999999863,10,11
31004,-1543.815065336851,-0.04288000000000239,10,12
8684,-307.93137373663626,-0.0034600000000011735,10,13
76379,1748.876815093503,-0.012010000000000787,10,14
6658,-926.156839682335,0.005999999999997386,10,15
3464,308.7850133196568,-0.023990000000003422,10,16
7397,-1235.5367933754023,0.008019999999999073,10,17
1051,514.9355948903533,0.034999999999999434,10,18
4717,-28.8315357845903,0.015559999999999264,10,19
4317,-178.15048220892749,0.013300000000000978,10,20
3574,-307.95357689683556,0.0020100000000013553,10,21
2447,1338.450446155548,-0.011279999999996449,10,22
4329,329.2743642138163,-0.032970000000000256,10,23
1628,-432.1880169939618,-0.034220000000001964,10,24
4136,-410.6985729546153,-0.01501999999999839,10,25
3817,410.6985729546153,0.010190000000000055,10,26
3329,824.132325710103,-0.007619999999997163,10,27
646,307.51428629649524,-0.0339999999999975,10,28
2303,-308.5428721565364,-0.03497999999999877,10,29
2079,102.85495608375328,-0.01799000000000035,10,30
3993,525.4743817921792,-0.010200000000003229,10,31
3446,194.305062682254,-0.016110000000003313,10,32
3222,-1439.9181755981872,0.005000000000001137,10,33
781,102.8989723259599,0.02411000000000172,10,34
5735,-412.6691787398329,0.04323999999999728,10,35
13377,103.95024160381183,0.035009999999996926,10,36
5268,1029.8347588504341,-0.013020000000003052,10,37
4556,-1.0284392137904774,-0.025019999999997822,10,38
5614,-637.7734885214536,-0.019619999999994777,10,39
3833,-597.911483575686,0.010230000000004225,10,40
1649,-425.1721457055879,0.04431000000000438,10,41
673,-294.5025835225934,0.04793999999999983,10,42
5499,1801.0855161927352,-0.002410000000000423,10,43
8590,1570.768312306292,-0.06622000000000128,10,44
11995,1020.9044301960901,-0.11250000000000285,10,45
4164,439.362198194182,-0.1192200000000014,10,46
3327,513.1041918051693,-0.08322000000000572,10,47
3262,-205.21977856624574,-0.04372000000000185,10,48
5335,307.8187218861217,-0.023560000000000515,10,49
3187,-204.17908507752713,-0.009019999999998163,10,50
3179,-163.15883336570636,0.004150000000001342,10,51
3579,-351.0079573523228,0.011579999999997882,10,52
2625,-821.4049276844548,0.035009999999999764,10,53
1765,-154.06550242058614,0.04043999999999812,10,54
4532,-565.0476456766639,0.046340000000000714,10,55
3793,821.8143434346459,0.02100000000000364,10,56
3728,-101.6741471930871,-0.0025199999999983903,10,57
1780,-720.1401962415588,0.003990000000001714,10,58
3789,-102.75971662210281,0.010000000000002274,10,59
4763,-616.7120530866655,0.03800999999999704,11,0
4453,205.5999776722217,0.031020000000000894,11,1
5328,0.0,0.014000000000001478,11,2
3535,462.492848641638,-0.003000000000002956,11,3
4884,-874.7503284842751,-0.00047999999999888133,11,4
3092,103.84652468875544,0.010009999999999764,11,5
2261,719.5230305683253,-0.0004999999999967031,11,6
3899,409.96761639089385,-0.014989999999997394,11,7
1611,-923.876018108949,-0.017010000000001923,11,8
1874,-411.2585663218482,0.008999999999994656,11,9
985,-102.83296207980186,0.032989999999998076,11,10
1352,-51.41922983309399,0.03398000000000252,11,11
5164,257.07782474881924,0.007500000000001706,11,12
3196,1027.8534496386271,-0.023999999999998068,11,13
5152,718.0349698572286,-0.05047999999999889,11,14
1853,-718.0349698572286,-0.04198999999999842,11,15
11870,410.936424024122,-0.027999999999997274,11,16
1310,410.8194064613713,-0.01301000000000272,11,17
2132,-205.39508020078756,-0.006020000000003734,11,18
2935,308.0816556302324,-0.020000000000001707,11,19
5942,-822.7247404466453,0.005019999999996117,11,20
6253,-512.7711737378249,0.029009999999999536,11,21
1960,411.05350826953213,0.025,11,22
2876,-205.51211443464723,0.02299000000000433,11,23
2952,616.4485384587692,-0.008019999999993388,11,24
1050,308.12552159797946,-0.02599999999999625,11,25
11900,903.455407952336,-0.04060000000000344,11,26
2957,246.2987698503838,-0.052200000000007664,11,27
1493,-71.83279776334928,-0.03820000000000619,11,28
11591,666.8812866648111,-0.03570000000000278,11,29
3110,-512.958242164352,-0.012199999999995726,11,30
5940,205.20518360278572,-0.007099999999996953,11,31
1244,336.4733280690757,-0.01056000000000097,11,32
9969,-746.9128872772401,0.00871999999999673,11,33
7760,-513.2137085501754,0.01799999999999784,11,34
12453,-227.9254247952167,0.03472000000000151,11,35
4277,-568.9439735672153,0.04730000000000132,11,36
4573,78.06335578930401,0.03175999999999988,11,37
3035,308.10358705224417,0.012779999999997927,11,38
19826,-102.69388486339182,0.0018000000000029104,11,39
1036,-513.5791022476965,0.002480000000002747,11,40
3209,-410.99495780905215,0.02000000000000455,11,41
2783,191.12721929381848,0.02528000000000077,11,42
2704,630.7456454255345,0.004139999999998168,11,43
449,-205.4243262605837,-0.011999999999997613,11,44
1695,0.0,-0.016139999999998624,11,45
4195,502.2108163581507,-0.016059999999995966,11,46
3419,729.8966167734733,-0.02488999999999919,11,47
1588,-205.27817918658542,-0.032000000000005004,11,48
2207,358.1914389547691,-0.03209000000000515,11,49
4228,-666.1634842890508,-0.005710000000004812,11,50
1987,-1074.3103806083454,0.03391999999999769,11,51
8726,-55.48325202653359,0.04495000000000289,11,52
1763,102.7450800492602,0.04398000000000479,11,53
5944,1128.6865955861813,-0.0024399999999957346,11,54
2386,-409.67584514994826,-0.026910000000000878,11,55
28176,-410.8194064613713,-0.015000000000000568,11,56
12962,-616.4485384587692,0.013990000000001147,11,57
2970,-123.3213222384677,0.04038000000000466,11,58
1372,-185.00175089641857,0.03319999999999936,11,59
722,-187.08144928858417,0.024639999999993736,12,0
1783,-121.307530663195,0.01561999999999273,12,1
4904,-205.62928211731446,0.01659999999999684,12,2
21519,-308.49888728567976,0.019180000000002907,12,3
14454,307.4706672325789,0.01138000000000261,12,4
1245,-122.36341882587709,0.006410000000002469,12,5
846,-596.5417416806673,0.012199999999998568,12,6
1417,102.86962397998423,0.012989999999999214,12,7
8332,-411.52251320664135,0.024779999999998383,12,8
3697,0.0,0.020599999999998887,12,9
731,0.0,0.009999999999999433,12,10
852,-102.8989723259599,0.010000000000002274,12,11
3575,205.7906059969028,-0.0009999999999962485,12,12
5041,411.49316904309785,-0.01099999999999568,12,13
3283,102.85495608375328,-0.018000000000000682,12,14
1079,131.64364452045163,-0.021560000000005176,12,15
3289,382.5211711037113,-0.022280000000000657,12,16
3368,205.61462885027026,-0.021000000000000796,12,17
3737,-514.0915284016501,-0.009719999999995822,12,18
1805,-308.5428721565364,0.0075600000000036974,12,19
2828,-164.58318369227953,0.023199999999999932,12,20
6608,669.5306439148396,0.010779999999999746,12,21
1231,-741.5416912808225,0.005689999999998464,12,22
3614,-17.48893968933629,0.005639999999999645,12,23
4251,-644.1521715503384,0.021640000000002147,12,24
2655,44.25607501090667,0.032850000000001954,12,25
624,133.78918021711428,0.015229999999999678,12,26
12345,1234.391554142178,-0.016670000000002006,12,27
11730,-102.82563283592339,-0.03876000000000488,12,28
4252,1.0282926066196296,-0.03562000000000012,12,29
3004,245.74091505691342,-0.02581000000000131,12,30
2335,-143.94357482760967,-0.0024000000000000913,12,31
2094,102.81830463565456,-0.004989999999997963,12,32
1365,-205.64393747157794,0.00041999999999688955,12,33
5887,-308.520878152585,0.0117999999999995,12,34
756,-102.85495608375328,0.015000000000000568,12,35
1302,0.0,0.016000000000002502,12,36
1277,82.28455149073,0.00740000000000407,12,37
19428,329.0912827456083,-0.006800000000001205,12,38
2618,-1028.6596092763389,0.00799999999999841,12,39
28073,102.8989723259599,0.016799999999997796,12,40
4639,0.0,0.020599999999998887,12,41
4250,-340.6236602012669,0.023620000000002507,12,42
1626,237.72468787530698,0.0033100000000018783,12,43
1686,552.4813874275835,-0.007739999999998304,12,44
3253,-840.6375605058969,-7.999999999981356e-05,12,45
4100,288.1561730783133,-0.0018200000000007323,12,46
2982,204.76172598282716,0.0013900000000006685,12,47
1503,-459.9828518685456,0.010910000000004062,12,48
4193,-413.8011463110658,0.009880000000001133,12,49
8949,-401.5623322048967,0.029289999999997464,12,50
8502,-164.77586002583422,0.03589999999999521,12,51
3180,-102.99447021289154,0.02653999999999712,12,52
2455,-360.53856013928964,0.022599999999999912,12,53
4881,-196.78905030229288,0.020520000000004757,12,54
6961,336.89473711540074,0.011690000000004376,12,55
2799,-191.61855136307082,0.006639999999998736,12,56
7332,-206.0698533554728,0.0035899999999998047,12,57
4323,206.0698533554728,0.0010399999999975763,12,58
471,-51.51470393549573,0.0047199999999975265,12,59
3202,17.515205725793237,-0.0008400000000023056,13,0
6252,138.05358980434335,-0.005690000000001305,13,1
3746,204.9955095495548,-0.007509999999999195,13,2
4575,103.00182354505694,-0.012329999999997199,13,3
2168,-204.980873289351,-0.00766999999999598,13,4
2086,60.77626115619239,-0.0021900000000016464,13,5
4056,41.20278858810167,0.0013999999999981584,13,6
5142,103.00182354505694,-0.0009900000000016007,13,7
5866,-51.4999925398385,-0.00438000000000045,13,8
3650,-360.5514321494141,0.004700000000002547,13,9
2481,-154.54963048178172,0.013000000000002388,13,10
2072,771.5528085228129,0.0010199999999997544,13,11
4409,309.9470853662467,-0.01699000000000126,13,12
4035,102.95771928703346,-0.030500000000000683,13,13
5099,411.75741724686077,-0.035009999999999764,13,14
2575,-348.9568163121959,-0.014239999999998077,13,15
2481,-165.75832022169834,-0.0006100000000003547,13,16
1342,205.90809153464562,0.0030000000000001137,13,17
2199,-514.8253421110028,0.015609999999998082,13,18
2172,-515.0091229824127,0.022220000000001506,13,19
1038,669.4760166379154,0.013000000000002388,13,20
1429,-153.437059601913,0.00847999999999729,13,21
592,-526.3410149618508,0.00519000000000176,13,22
3305,-195.75307930708163,0.010599999999996612,13,23
2306,265.80562253730733,0.018849999999994795,13,24
2330,43.26604806070833,0.0073399999999963945,13,25
3447,-103.01653336508565,-0.0032000000000010687,13,26
2855,412.02200505363606,-0.011419999999998254,13,27
5461,165.80564997425995,-0.013059999999998696,13,28
821,143.13365115814491,-0.017610000000001947,13,29
9260,308.87315890737455,-0.02299999999999898,13,30
646,102.94302625801777,-0.018389999999996576,13,31
8523,-443.7368482443915,-0.0061599999999970125,13,32
2612,-277.01863805340565,0.009309999999999263,13,33
2503,-41.19690575254964,0.01979999999999791,13,34
1089,215.24084885093941,0.013710000000000378,13,35
2162,237.860425406744,-0.0043100000000009684,13,36
2633,-411.9043685051338,-0.004400000000001114,13,37
2036,823.6911676160474,-0.01511000000000138,13,38
5917,205.84933200140654,-0.020619999999999552,13,39
1777,103.94275223557514,-0.024019999999998733,13,40
1676,616.2986981070873,-0.03700999999999795,13,41
28215,102.8622895073994,-0.02699999999999818,13,42
1173,155.3081602878592,-0.026009999999999422,13,43
3451,-52.45320420410593,-0.018490000000002737,13,44
2779,-308.5868695711369,0.0009999999999962485,13,45
1533,0.0,0.007509999999996353,13,46
4884,360.0115979054408,0.0030200000000007777,13,47
2652,462.74008728985905,-0.01349999999999625,13,48
3238,-308.4768995513798,-0.017999999999995,13,49
4291,371.1924673126532,-0.018719999999996163,13,50
2764,-336.2284377992353,-0.0042899999999974625,13,51
1238,-137.80432188337244,0.007659999999998491,13,52
4619,102.84029236995451,0.004609999999999559,13,53
8053,-102.84029236995451,0.009559999999999036,13,55
1832,-154.27418513258573,0.005680000000000973,13,56
6137,-154.29068416139557,0.008500000000000797,13,57
840,102.8622895073994,0.009000000000000341,13,58
3313,-308.6088729835623,0.01050000000000182,13,59
1836,-20.576272253158834,0.009399999999996567,14,0
4130,-83.33690382045233,0.009219999999999118,14,1
1806,-307.6680380127428,0.01500999999999806,14,2
1511,-205.8346473585715,0.015800000000001545,14,3
468,-102.92833742298058,0.018590000000003215,14,4
2396,-205.87870757626803,0.018980000000001954,14,5
10124,205.87870757626803,0.009000000000000341,14,6
4282,-51.46692260726837,0.0029999999999972718,14,7
1546,360.22990738882044,-0.007500000000001706,14,8
2082,308.6969180268184,-0.019000000000002615,14,9
952,0.0,-0.018500000000000228,14,10
2281,925.6946361153596,-0.03400000000000034,14,11
8032,-308.49888728567976,-0.027000000000001023,14,12
1374,-206.73116637937028,-0.013979999999997973,14,13
3719,-101.83370291461102,-0.0009899999999987586,14,14
1283,-308.63087953569845,0.021000000000000796,14,15
3897,720.0360411996343,0.0019900000000006913,14,16
10814,0.0,-0.010020000000000097,14,17
1265,-205.68791607278314,-0.011000000000001365,14,18
7558,514.1648156241629,-0.018000000000000682,14,19
2672,-240.60632218425582,-0.004320000000004143,14,20
3453,240.60632218425582,-0.008660000000000423,14,21
3701,308.4109551538816,-0.01599999999999682,14,22
3925,-101.76832678343573,-0.009360000000000923,14,23
3567,101.76832678343573,-0.012689999999997781,14,24
2583,411.1120754144437,-0.013999999999998637,14,25
2236,-154.15329997470195,-0.0099899999999991,14,26
3126,205.5340732018962,-0.013480000000001269,14,27
0,50.35138245723658,-0.010480000000003998,14,28
2042,103.7799587502164,-0.006490000000002283,14,29
5848,-206.53974856355006,-0.004480000000000928,14,30
10099,720.1919919967992,-0.012000000000000455,14,31
5848,308.10358705224417,-0.023020000000002483,14,32
1806,-51.346028687504486,-0.025010000000003176,14,33
10640,-375.90858755365275,-0.01419999999999675,14,34
1377,-291.75613419507584,0.012160000000005767,14,35
1472,205.46821096978363,0.01650000000000489,14,36
4358,102.72313300507818,0.007840000000004467,14,37
3505,102.7158194091271,-0.005320000000003234,14,38
4128,0.0,-0.010000000000005116,14,39
2529,-205.4389524142053,-0.0010000000000019327,14,40
3369,205.4389524142053,-2.842170943040401e-15,14,41
5762,410.790162481689,-0.00799999999999841,14,42
