189145,nan,9,31
4192,-98.49109288673219,0.009900000000016007,9,32
9235,-98.49109288673219,-0.0062999999999959755,9,33
8686,-98.49109288673219,-0.011280000000002132,9,34
5162,-98.49109288673219,-0.018000000000000682,9,35
3986,-597.0596198698886,0.004720000000000369,9,36
8724,-498.7341535622747,0.026490000000001148,9,37
3373,1.991297502890177,0.03496999999999844,9,38
4478,198.1203605874171,0.022989999999998647,9,39
6895,447.910567028309,-0.005010000000001469,9,40
3603,-184.12417784574586,-0.015809999999996195,9,41
6643,-64.6978577281132,-0.010629999999997608,9,42
5952,-99.54083150898185,0.0004999999999967031,9,43
6620,-398.2320198883116,0.01665000000000134,9,44
13378,597.3068154148109,0.004300000000000637,9,45
3352,-298.6224954719674,0.0020000000000038654,9,46
4306,99.54769994546808,-0.0030000000000001137,9,47
4627,0.0,-0.006000000000005912,9,48
10079,-597.3892594210995,0.014999999999994885,9,49
15181,-996.1987972744168,0.03599999999999568,9,50
16285,-298.9938266830805,0.05399999999999921,9,51
4699,-99.67838058955181,0.05300000000000296,9,52
3173,-199.37742443154605,0.036000000000001364,9,53
8258,398.7272991281543,0.007000000000002161,9,54
6853,-0.9966808560690765,-0.00397999999999854,9,55
3168,165.43959309434086,-0.011290000000002465,9,56
3267,532.0686058229995,-0.023629999999997153,9,57
14062,578.6758067589659,-0.0325999999999965,9,58
4500,219.05935550936562,-0.041169999999999624,9,59
4765,-49.783296502070584,-0.033710000000002086,10,0
33702,-234.0045073214725,-0.012020000000003962,10,1
2688,-214.12248270191725,0.008449999999999137,10,2
12639,-299.8248757428712,0.020520000000004757,10,3
9341,200.22219415505305,0.016160000000002128,10,4
2664,-333.71909610657724,0.013999999999998637,10,5
1015,-97.63988385635969,0.012000000000000455,10,6
4306,-266.0523996773634,0.014309999999997559,10,7
4275,-107.6306393192894,0.019810000000001084,10,8
9072,-490.41899238488895,0.023049999999997794,10,9
1867,-598.2976478708935,0.035339999999996506,10,10
4279,299.1798388114475,0.02891999999999939,10,11
9568,-897.7257086435486,0.036839999999997985,10,12
3266,199.54288287671318,0.025999999999999093,10,13
19817,-598.7114655949811,0.02699999999999818,10,14
3071,897.9740507752965,0.012000000000003298,10,15
8944,-99.74729778061686,-0.01099999999999568,10,16
2109,428.8644584740098,-0.020599999999996045,10,17
42254,368.920888952573,-0.035300000000000865,10,18
17114,398.7272991281543,-0.030000000000003982,10,19
19131,199.32233257602405,-0.03570000000000278,10,20
3759,-99.65772399844752,-0.023399999999998047,10,21
15146,99.65772399844752,-0.012999999999999547,10,22
3837,99.65084036966942,-0.006000000000000227,10,23
17619,-99.65084036966942,-0.002000000000001023,10,24
6526,298.93187403118304,-0.008000000000004092,10,25
2997,-99.63707596849503,-0.005999999999997386,10,26
16792,416.4372511183956,-0.012359999999995354,10,27
6425,81.67933045921671,-0.0171799999999962,10,28
4009,-124.5130228433311,-0.010499999999996136,10,29
15356,24.90346428007939,-0.007570000000004029,10,30
2096,199.21224015106986,-0.002640000000002374,10,31
20769,-797.0140612281184,0.01174999999999784,10,32
4334,-299.99057639962246,0.023519999999996346,10,33
5546,399.6414167692919,0.02101000000000113,10,34
5089,-737.5792635988532,0.027800000000002004,10,35
1801,-458.68534962512086,0.025390000000004423,10,36
1667,-98.7361375246465,0.02995999999999981,10,37
7066,118.68201154552338,0.029189999999996986,10,38
22018,-818.0070426995201,0.02499999999999432,10,39
12666,399.08576765945725,0.01500999999999806,10,40
4136,74.81629268379919,0.008720000000002415,10,41
4141,-573.6907542024383,0.01365000000000407,10,42
5302,99.78869385918188,0.005000000000001137,10,43
4349,-299.38679059249296,0.018749999999997158,10,44
8406,598.7114655949811,0.0054999999999949985,10,45
18618,121.70760730789709,-0.013439999999999942,10,46
10506,276.2980097621437,-0.02119999999999607,10,47
21003,-398.0056170700408,-0.015989999999999328,10,48
9532,498.73649367615513,-0.008779999999998723,10,49
10842,-599.5021999600781,0.0034500000000008413,10,50
13668,-398.14325912335136,0.018990000000002283,10,51
12435,-598.9185891959181,0.03200000000000216,10,52
26368,-199.69479454573502,0.04599000000000047,10,53
6148,399.36195158585264,0.023979999999997406,10,54
17078,-998.6122367902084,0.026000000000001935,10,55
7364,-98.90022480618654,0.023980000000000248,10,56
9601,-700.4875451350756,0.038989999999998304,10,57
7689,249.856262360737,0.03899999999999864,10,58
4307,-49.967790839211546,0.016509999999993853,10,59
9719,-199.88847152152545,0.012019999999998277,11,0
1044,0.0,0.0025000000000005686,11,1
8688,-199.91617033099374,0.011000000000004208,11,2
11018,-199.94387682054082,0.014000000000001478,11,3
5132,0.0,0.011999999999997613,11,4
4387,-199.9715909901667,0.013999999999998637,11,5
34458,-500.05027740329666,0.020000000000001707,11,6
6722,0.0,0.021000000000006482,11,7
7460,-100.03085744081375,0.02100000000000364,11,8
9416,-800.4966446959472,0.02900000000000205,11,9
9274,-600.6641017544111,0.038999999999995795,11,10
9454,0.0,0.04399999999999409,11,11
2427,561.6285337008975,0.022779999999997358,11,12
5544,239.20137356103766,-0.009610000000000696,11,13
7130,0.0,-0.023999999999995227,11,14
3679,-300.2591236791474,-0.012389999999996348,11,15
6209,-401.4439774149281,0.012239999999999897,11,16
10113,301.3437143462028,0.01500999999999806,11,17
4088,164.16078668868295,0.005719999999996617,11,18
2540,236.1986000591898,-0.010650000000001115,11,19
19283,200.13803748408776,-0.022020000000000553,11,20
15237,-200.13803748408776,-0.012359999999998195,11,21
11280,-951.0350167234449,0.014280000000002247,11,22
19559,-1051.8738720870501,0.05149999999999864,11,23
9678,-791.9157527380705,0.07980000000000019,11,24
22384,-511.46774267252226,0.08439999999999657,11,25
11219,401.1665068297532,0.05199999999999819,11,26
2434,-401.1665068297532,0.02709999999999866,11,27
6728,75.2272175974511,0.008699999999998908,11,28
4399,-576.8422711147637,0.013250000000002161,11,29
3835,0.0,0.02300000000000182,11,30
17730,-200.69486585772012,0.019750000000004778,11,31
2862,-200.72278862048876,0.021500000000000342,11,32
9024,-200.7507191574831,0.01599999999999966,11,33
33143,-1428.1435609122539,0.044440000000000174,11,34
9227,-78.37790379561227,0.05422000000000082,11,35
11173,904.1016462720819,0.03100000000000307,11,36
20711,301.2413529424052,-0.0022199999999998,11,37
9876,-502.1038720123272,-0.024439999999998463,11,38
2082,165.71359693529075,-0.01529999999999916,11,39
1583,-165.71359693529075,0.00735000000000241,11,40
9112,-604.7650108609304,0.022039999999998373,11,41
5785,202.95605661591054,0.01566999999999723,11,42
19099,-1206.0987528883516,0.03930000000000007,11,43
3241,-1408.3907800355178,0.0699799999999982,11,44
13024,-523.4669533287217,0.08435999999999809,11,45
16747,-281.94551191162986,0.08719999999999857,11,46
5226,402.7624372593408,0.04399999999999693,11,47
12768,-1309.3892427820108,0.03280000000000314,11,48
19956,1108.02207923566,0.010600000000002297,11,49
3378,-805.7498343427837,0.014000000000001478,11,50
15864,302.2089263344796,0.011000000000004208,11,51
12008,-100.72927502058349,-0.005000000000001137,11,52
18282,-1412.9654362360357,0.038039999999998034,11,53
8520,-300.50915615120743,0.04501999999999384,11,54
4086,805.5865332403655,0.037019999999998277,11,55
100726,-2016.3244524482593,0.05298999999999979,11,56
3734,-403.8052061599018,0.04996000000000436,11,57
13858,302.86450009153754,0.04999000000000536,11,58
8287,304.8193928369969,0.036940000000001305,11,59
3821,-2.0184596465355753,-0.010019999999997253,12,0
7011,302.7373929667121,-0.021000000000000796,12,1
23502,1109.4939163101003,-0.036980000000002636,12,2
7792,302.441224172334,-0.04796000000000333,12,3
8499,-201.62043787941286,-0.04400000000000262,12,4
5052,705.548292696534,-0.03899999999999864,12,5
3791,-302.33558999004373,-0.014999999999994885,12,6
7937,-805.5296749498452,0.007980000000000587,12,7
1005,99.83347372788387,0.01698999999999842,12,8
5982,504.10393639488404,0.016999999999995907,12,9
3648,100.79965355203058,-0.003990000000001714,12,10
3581,-705.745517845635,-0.005979999999999564,12,11
3404,-201.70500429728122,0.012000000000000455,12,12
9095,-339.9367382339591,0.03173999999999921,12,13
3654,-769.9451537463985,0.04536999999999694,12,14
15231,-807.723467604049,0.053000000000000116,12,15
2952,403.9182614441472,0.045630000000002724,12,16
22356,-2150.145825765115,0.06982000000000425,12,17
9100,-1005.4435005075745,0.08772000000000163,12,18
12894,-180.12323698268773,0.08921999999999741,12,19
10658,76.90930175385802,0.07619999999999721,12,20
14291,884.1624087292388,0.005459999999999354,12,21
3481,-190.14022730434732,-0.021180000000001087,12,22
8841,-163.86434151005602,-0.01886000000000081,12,23
4443,505.6942254046959,-0.016979999999998087,12,24
6918,-708.0215577452975,0.007620000000002847,12,25
25815,-101.17430775835601,0.011240000000000805,12,26
7422,-303.56550156973583,0.019999999999998866,12,27
9822,910.5049471598293,0.007999999999995566,12,28
48796,1213.113412566358,-0.040000000000003415,12,29
18925,707.178704415945,-0.0710000000000008,12,30
13327,403.9465351572957,-0.08299999999999841,12,31
4858,-252.45332993240055,-0.05199999999999534,12,32
3418,656.2867939798878,-0.03149999999999409,12,33
5533,403.7204562212793,-0.028000000000000115,12,34
10307,-403.7204562212793,-0.018500000000000228,12,35
18271,-222.09441646126038,-0.008600000000001273,12,36
5463,-787.7012717782961,0.026200000000000046,12,37
3832,-454.63875331996917,0.04699999999999989,12,38
6558,-151.57809468746564,0.04429999999999837,12,39
12054,505.1983946602334,0.023599999999999,12,40
12472,-908.4736667812621,0.01647999999999854,12,41
10187,300.1930702257738,0.009030000000001337,12,42
7113,-402.29316351592104,0.01601999999999748,12,43
4032,-404.4277946153585,0.02901000000000238,12,44
14005,-404.5411988329306,0.026000000000001935,12,45
2611,-404.6546666707229,0.039959999999999246,12,46
5239,606.9394455900933,0.019999999999998866,12,47
22518,-1416.5894371744869,0.029999999999998295,12,48
6976,303.67199709768755,0.026000000000001935,12,49
8526,607.152302245062,0.009000000000003184,12,50
6008,1173.1037443682978,-0.022200000000000844,12,51
6555,-60.65439200764189,-0.05760000000000503,12,52
4815,202.17139058953393,-0.04900000000000091,12,53
5912,-450.88106211021994,-0.01847999999999672,12,54
4734,248.70967152068602,0.0036600000000021286,12,55
5819,-303.31021679952386,0.00799999999999841,12,56
3109,-1112.6833469887742,0.03253999999999735,12,57
2370,809.3093492593795,0.021079999999997767,12,58
3097,202.25641991356014,0.011000000000004208,12,59
2010,0.0,-0.007999999999995566,13,0
12918,-708.0215577452975,-0.00799999999999841,13,1
4491,-505.9425059350531,0.02699999999999818,13,2
3320,910.5687996786571,0.01799999999999784,13,3
4507,-470.38878669969364,0.011299999999997113,13,4
2488,-440.1800129789635,0.005649999999997136,13,5
7481,202.39829450741098,0.005000000000001137,13,6
8265,-506.0489865238438,0.0263499999999965,13,7
4238,202.44089570642387,0.013700000000002889,13,8
6745,-1012.4886659426124,0.025000000000002843,13,9
6307,-202.58302931353,0.03800000000000239,13,10
3669,1080.4516638209805,0.010660000000001446,13,11
4257,-371.5354805056137,0.0013299999999958345,13,12
6581,303.7146162343518,-0.023000000000004663,13,13
2075,465.5715991441767,-0.028530000000003497,13,14
2540,40.47738737966711,-0.016259999999996923,13,15
12853,-202.39829450741098,-0.01699999999999875,13,16
5114,1517.2955378099928,-0.034399999999996565,13,17
3489,-101.10340526825468,-0.03779999999999859,13,18
2764,301.2672471278677,-0.043959999999998445,13,19
6271,82.88800501254912,-0.037579999999999815,13,20
27331,828.6182336849635,-0.02580000000000382,13,21
9320,505.02154780751596,-0.043020000000004194,13,22
4339,151.47199771270436,-0.044240000000002055,13,23
4332,353.3728270097569,-0.042899999999997364,13,24
8577,252.3561798470908,-0.029999999999998295,13,25
4389,-354.32059688744744,-0.013979999999997973,13,26
5254,-301.8973088497745,0.002009999999998513,13,27
1911,201.9449948553742,0.01050000000000182,13,28
6287,1009.3011751299841,-0.010009999999999764,13,29
12849,403.5228446390704,-0.03802000000000021,13,30
5541,-38.32981879536845,-0.04523999999999831,13,31
33340,-164.42630277779813,-0.027599999999998206,13,32
2276,101.88599107330276,-0.003989999999998872,13,33
2483,-50.43771010715403,0.0036200000000008005,13,34
6051,-454.0187588562006,0.010729999999998087,13,35
5907,-100.91246399301923,0.014979999999997063,13,36
11602,-50.45887907417779,0.018499999999997387,13,37
2749,554.9506284143746,0.0024999999999977263,13,38
4361,-336.9809255726608,-0.00631999999999664,13,39
6830,-167.510823767536,-0.002159999999997808,13,40
2781,-50.45887907417779,0.004999999999998295,13,41
7171,151.37134306719702,0.010159999999996217,13,42
1774,535.7269637027429,-0.010300000000000864,13,43
5219,473.0096463276823,-0.028809999999995742,13,44
2487,604.9035899469146,-0.04499999999999602,13,45
4571,-404.24912116954204,-0.03466999999999985,13,46
3417,-503.2014009733743,-0.005369999999999209,13,47
5653,403.381811906911,0.006999999999996476,13,48
5273,302.46235986819414,0.004989999999995121,13,49
1048,99.79866471265808,-0.013000000000002388,13,50
7335,454.5510216029669,-0.028989999999998874,13,51
11876,-857.8203600952961,-0.005479999999997176,13,52
2144,706.6552054020292,-0.003999999999999205,13,53
2087,503.82226490341964,-0.014519999999998846,13,54
22671,450.26819383409133,-0.027949999999998455,13,55
8592,506.5096480665332,-0.052489999999994555,13,56
8771,-354.4373759893915,-0.031460000000001286,13,57
3885,-149.05081258120845,-0.010510000000004995,13,58
4524,-2.0143056271848536,0.004979999999997631,13,59
6620,354.4744866399441,0.00449999999999875,14,0
10577,402.7062247748958,-0.015539999999995759,14,1
2519,-805.524890211906,-0.006520000000000437,14,2
2551,-185.33436096834777,0.008639999999999759,14,3
5863,-116.85346507395167,0.023839999999998442,14,4
11756,225.6395630100272,0.020519999999996232,14,5
6785,-225.6395630100272,0.004919999999998481,14,6
16803,604.3123688845853,-0.00968000000000302,14,7
4620,0.0,-0.01576000000000022,14,8
5395,-201.409331737068,-0.009519999999997709,14,9
7213,-352.5340036825142,0.0010000000000019327,14,10
7899,100.73279161204596,0.014500000000003866,14,11
48844,-634.734041991436,0.024100000000001388,14,12
19037,886.5352540619042,0.005299999999999728,14,13
11278,-437.1549844117695,-0.0008200000000016417,14,14
2292,437.1549844117695,-0.009460000000001401,14,15
5116,100.7081806188026,-0.019599999999996953,14,16
3272,906.0574156363189,-0.025339999999997077,14,17
1803,-379.46812925859774,-0.03113999999999635,14,18
2686,-23.15380620565577,-0.0172300000000007,14,19
4618,402.6219354642535,-0.014000000000001478,14,20
3512,-200.29036797275523,0.00021000000000128696,14,21
3711,-202.33156749149828,-0.0015500000000002957,14,22
2942,100.66601831582034,0.002000000000001023,14,23
2838,718.5513240752783,-0.007270000000002597,14,24
18769,690.035897973118,-0.03412000000000433,14,25
4540,-146.83130826664836,-0.041080000000002316,14,26
4142,-154.8930556678485,-0.027400000000002936,14,27
7474,447.5351891262136,-0.013620000000000233,14,28
4684,356.92292937650194,-0.012909999999996558,14,29
6078,0.0,-0.0209199999999953,14,30
11126,-502.73375456821867,-0.009549999999998705,14,31
4122,-50.28301207854469,0.008899999999997021,14,32
8825,50.28301207854469,0.01549999999999443,14,33
3411,-803.7323703931065,0.025979999999998428,14,34
6113,166.0139627857049,0.020170000000001666,14,35
3463,134.80940509680295,0.01534000000000333,14,36
2405,-352.140639725107,0.014010000000001811,14,37
5545,150.9279419247278,0.00018000000000313322,14,38
7857,312.8736366724283,-0.002899999999996794,14,39
11258,-111.66093887204909,-0.004609999999999559,14,40
2739,840.7653918034441,-0.025719999999998324,14,41
3548,-515.8661316775338,-0.017709999999999584,14,42
2978,178.00974238468825,-0.011010000000001697,14,43
7150,-267.5257653041996,-0.001320000000004029,14,44
3009,-34.19859863029728,0.013609999999994217,14,45
5218,0.0,0.005459999999996513,14,46
3351,0.0,0.006340000000000146,14,47
9563,-46.26998263645987,0.0016000000000019555,14,48
2384,-307.8337468478409,0.007500000000001706,14,49
3476,-384.38139020691153,0.01820000000000448,14,50
8259,436.69764010711987,0.012880000000001246,14,51
14543,1307.290057844135,-0.021440000000001194,14,52
1190,100.5117247689924,-0.0463799999999992,14,53
14611,-202.0356752661101,-0.04666000000000281,14,54
8857,-437.33828456460344,-0.014270000000001915,14,55
3802,86.47279637852279,0.015359999999995468,14,56
2195,-150.8280088033942,0.017489999999997962,14,57
9389,-273.54168395277156,0.016060000000001653,14,58
2051,71.40742718458881,0.00952000000000055,14,59
4918,-703.165083936419,0.023010000000002154,15,0
6078,-100.62389129750215,0.02627999999999986,15,1
5178,-704.5638181137904,0.03654999999999973,15,2
10157,-100.68006849461852,0.03998000000000275,15,3
10428,201.35311140734302,0.021999999999999888,15,4
7430,-100.6730429127245,0.012999999999999547,15,5
2348,-302.0612861410754,0.004999999999998295,15,6
1865,-201.409331737068,0.011999999999997613,15,7
3842,100.7081806188026,0.015000000000003412,15,8
2468,367.52521249638903,0.001700000000002433,15,9
4145,35.23722476295177,-0.010650000000001115,15,10
5218,99.66634725788737,-0.015980000000001836,15,11
3850,302.9836807231234,-0.01734000000000151,15,12
1625,50.323352844827696,-0.013699999999997204,15,13
2740,-452.9733808258385,-0.003509999999999991,15,14
9918,0.0,0.0059799999999967214,15,15
7311,-402.7624372593408,0.020500000000001253,15,16
6231,1006.6953453549132,0.0009999999999990906,15,17
1577,-100.63792971859442,-0.01599999999999682,15,18
2513,263.65647908477285,-0.02424000000000035,15,19
3496,239.462982296601,-0.029620000000002734,15,20
17712,0.0,-0.012999999999999547,15,21
13097,401.36349582375885,-0.020359999999999448,15,22
6930,-703.2141174683204,-0.0027499999999974992,15,23
6633,-704.5638181137904,0.02299999999999898,15,24
6650,301.9980559226809,0.02798999999999694,15,25
11338,755.7247093110675,0.010959999999997194,15,26
3176,451.6357412853722,-0.026509999999996127,15,27
5953,301.68230149740793,-0.0479999999999933,15,28
8154,-99.5481856289615,-0.03550999999999647,15,29
6165,-302.7089035212427,-0.00899000000000001,15,30
14990,-301.7664380999818,0.011999999999997613,15,31
5412,603.4697693495516,0.00800999999999874,15,32
7992,603.2174474865926,-0.014979999999999905,15,33
14698,402.00489034525333,-0.03799999999999955,15,34
14109,-300.48808369009805,-0.036019999999999185,15,35
4682,-1.005081886162884,-0.01500999999999806,15,36
13126,-603.1754143549506,0.013000000000002388,15,37
7052,1607.9077071333713,-0.007989999999998077,15,38
13601,-503.2834136109443,-0.01996000000000038,15,39
11481,-300.44643496918155,-0.014990000000003079,15,40
10779,401.920894335106,-0.016000000000002502,15,41
9151,-251.1874370219047,0.011990000000000124,15,42
10765,-854.3645659289111,0.018479999999999563,15,43
7385,301.5982117986482,0.018999999999996933,15,44
13505,904.4165216618438,0.003499999999993975,15,45
16956,0.0,-0.019000000000005457,15,46
10547,502.20874280526573,-0.042999999999997846,15,47
1469,120.50408935060375,-0.03539999999999566,15,48
5303,-321.3666084205258,-0.012199999999992883,15,49
8159,-803.7298485801259,0.012000000000003298,15,50
6047,301.45116757207546,0.025199999999998113,15,51
19036,-602.9653365393629,0.03339999999999748,15,52
4905,-100.51872784977434,0.02699999999999534,15,53
10115,803.9537911521677,-0.0009999999999990906,15,54
15284,200.91846573766503,-0.012999999999999547,15,55
15763,-703.3370816067475,-0.014000000000001478,15,56
9376,670.1874622496717,-0.014340000000001397,15,57
9346,-268.2385731436199,0.0023299999999977675,15,58
12320,602.7134362360798,-0.009999999999999433,15,59
27033,803.2264336588213,-0.03932999999999538,16,0
49686,802.7794828491253,-0.052659999999997355,9,31
10576,-903.1583342302696,-0.041999999999998754,9,32
3419,-793.2385473425895,0.002800000000002001,9,33
5793,-110.48553774983816,0.03689999999999998,9,34
12102,-150.6757341864784,0.04799999999999898,9,35
9671,753.2213537855271,0.008599999999998432,9,36
14567,-200.82057951320564,-0.0117999999999995,9,37
3734,0.0,-0.01349999999999625,9,38
2292,-301.28329249912156,-0.0029999999999944294,9,39
5951,-803.7298485801259,0.028999999999999207,9,40
2408,-50.24798568609157,0.03399999999999466,9,41
10425,200.98144299929288,0.027499999999997728,9,42
3109,150.71771025887415,0.008499999999997954,9,43
4413,-1357.026562943453,0.017499999999998295,9,45
99647,-251.44135185595218,0.03699999999999761,9,46
6103,-1056.5324828757384,0.06599999999999966,9,47
3703,150.98059151430476,0.06300000000000239,9,48
2182,704.3672527853317,0.018000000000003524,9,49
9368,-805.0192248436616,0.011499999999998067,9,50
5943,503.18965348861155,-0.010000000000002274,9,51
4535,-905.867777905911,0.013000000000002388,9,52
9821,-704.9572780806202,0.04200000000000159,9,53
2637,-367.72154863751183,0.0453000000000003,9,54
1710,75.56687351062408,0.048449999999996864,9,55
2506,1047.4528657136161,0.0019000000000005458,9,56
1392,1135.2244136375589,-0.04870999999999981,9,58
1925,-722.4951758368902,-0.052180000000001316,9,59
4289,-161.05102058361354,-0.029900000000000662,10,0
14423,1509.1479888873494,-0.02622000000000071,10,1
10183,1557.7962212134366,-0.05683999999999685,10,2
8774,-894.2708985575365,-0.07049999999999841,10,3
6440,525.576911972081,-0.06026000000000238,10,4
4889,418.9174828193032,-0.028329999999999703,10,5
20711,401.725040085843,-0.01839999999999691,10,6
4796,301.2203875414343,-0.04096999999999582,10,7
1585,-702.9454276272772,-0.015339999999997645,10,8
2145,-1004.8022699606918,0.023999999999998068,10,9
5913,452.24762628048865,0.035999999999998526,10,10
5636,-420.0831124654414,0.03885999999999967,10,11
14721,-635.3819613016399,0.03168000000000006,10,12
2788,502.6987196368182,0.01249999999999716,10,13
6229,201.03045261876673,0.008319999999997663,10,14
6996,-402.0889214668699,-0.0003600000000005821,10,15
7408,-41.220447178247355,-0.0031800000000004047,10,16
3983,-994.6746343025836,0.02901000000000238,10,17
16251,-271.6684013099879,0.04429999999999837,10,18
4206,100.62389129750215,0.03659000000000106,10,19
38003,-338.1241043438621,0.03160000000000309,10,20
7210,-136.88228912833722,0.015200000000001525,10,21
4818,1050.4402058995056,-0.00871999999999673,10,22
10202,-223.3054511817656,-0.016079999999999473,10,23
454,-452.75225254304274,-0.012940000000003239,10,24
6885,1084.355764481515,-0.0222800000000035,10,25
9921,22.1212254212233,-0.014840000000000943,10,26
26822,-502.8388886740842,-0.014000000000001478,10,27
3867,200.1508740052671,-0.01120000000000232,10,28
14477,-1307.0137321191667,0.03456999999999937,10,29
8255,301.9559171484332,0.037000000000000456,10,30
15174,1307.7458296395505,-9.999999994647625e-06,10,31
2895,-201.11452473958735,-0.018019999999998506,10,32
4505,1005.2923832928329,-0.05900000000000319,10,33
4941,0.0,-0.05000000000000285,10,34
2594,100.490721377966,-0.028000000000000115,10,35
1553,-502.52361819502767,-0.012999999999999547,10,36
5641,201.03045261876673,0.008000000000001251,10,37
4048,-351.8216773059635,0.014000000000001478,10,38
6800,-150.80698711145146,0.017499999999998295,10,39
5668,334.7701662406166,0.004339999999999122,10,40
6217,770.7818367101993,-0.01383000000000152,10,41
1912,-602.923338533401,-0.01799999999999784,10,42
1952,-502.62866441741494,-0.001669999999998595,10,43
7010,-100.54674993753565,0.019660000000001787,10,44
8297,-301.68230149740793,0.036000000000001364,10,46
10783,-905.4255984235482,0.03999999999999773,10,47
21978,-100.63792971859442,0.04000000000000057,10,48
3924,-301.9559171484332,0.041999999999998754,10,49
6469,603.8486481827476,0.018000000000000682,10,50
8417,100.61687355467086,-0.008999999999994656,10,51
3873,603.5539235531573,-0.02699999999999818,10,52
3609,804.3459910833661,-0.04900000000000091,10,53
3713,-402.11693964842254,-0.03600000000000421,10,54
2941,-402.2290514349436,-0.016000000000002502,10,55
2088,0.0,0.008000000000001251,10,56
1060,-201.15658717667628,0.02400000000000091,10,57
11914,-402.397336376481,0.02200000000000273,10,58
7686,-100.61687355467086,0.019999999999998866,10,59
8565,201.2267303470594,0.014999999999997727,11,0
27080,0.0,0.004999999999998295,11,1
10316,0.0,-0.0040000000000048885,11,2
1424,100.60284100799066,-0.006000000000000227,11,3
8180,1206.6872168361442,-0.02699999999999818,11,4
3058,-502.6636895859582,-0.028999999999996362,11,5
5662,-401.25130656676333,-0.01501999999999839,11,6
3276,300.69754866612897,-0.003010000000000446,11,7
4974,100.55375790063437,0.011000000000001365,11,8
4858,402.14496173618386,-0.011990000000002965,11,9
7591,552.7663541302629,-0.031979999999998655,11,10
3561,651.9920084047114,-0.043480000000002406,11,11
853,101.43913809024241,-0.045990000000003306,11,12
6963,-401.78097896337306,-0.02550000000000239,11,13
1960,-221.0272422624726,0.0003899999999987358,11,14
4446,321.4829774904615,0.010180000000002565,11,15
6877,401.75300757727683,-0.0029999999999972718,11,16
6617,100.42077342919953,-0.019199999999995044,11,17
29075,100.41378398994993,-0.02340000000000089,11,18
2977,-200.83455741914946,-0.009999999999999433,11,19
3906,-200.86251906992203,0.005000000000001137,11,20
682,321.3666084205258,0.0036000000000001365,11,21
5527,-371.58660810820976,0.007800000000003138,11,22
9259,103.45129079514237,0.0034400000000005095,11,23
6165,47.20346412057097,0.0006699999999966622,11,24
6294,100.42776384189267,0.0008999999999986131,11,25
2728,401.64116097063385,-0.014470000000000028,11,26
15292,-311.2621503431612,-0.00974000000000217,11,27
1214,209.85830894826307,-0.0088799999999992,11,28
3074,-601.5415862323791,0.00700999999999965,11,29
3364,98.43298116418708,0.015939999999997668,11,30
4475,-198.88172208482047,0.014809999999999946,11,31
4370,1.0045220282250966,0.0149599999999964,11,32
11258,601.5830429682012,-0.008030000000002247,11,33
3278,0.0,-0.014039999999999964,11,34
5224,0.0,-0.01799000000000035,11,35
4832,351.39321617094765,-0.01897999999999911,11,36
5839,140.53332536789753,-0.013300000000000978,11,37
6305,411.4831500450222,-0.022900000000001343,11,38
1110,100.3439430684594,-0.025499999999999547,11,39
3334,401.30599449028637,-0.026099999999996727,11,40
5055,-32.100371935683825,-0.02255999999999574,11,41
758,232.71151609272067,-0.017679999999998586,11,42
4088,200.58325244587394,-0.018000000000003524,11,43
3298,-100.28814024298782,-0.01032000000000153,11,44
4476,-200.59719733289683,-0.0036400000000014645,11,45
3913,0.0,0.004999999999998295,11,46
2488,-401.27808919798724,0.016000000000002502,11,47
500,-150.50806344962808,0.018999999999999774,11,48
3708,240.80536530934893,0.011700000000001865,11,49
752,-391.3291320367662,0.013100000000002866,11,50
2468,-200.72278862048876,0.011499999999998067,11,51
2700,100.36488514142405,0.010900000000000888,11,52
44455,-754.9151607681993,0.025839999999999464,11,53
3391,-550.3732695437691,0.03451999999999771,11,54
2219,-100.4557352279889,0.03899999999999864,11,55
4474,0.0,0.03447999999999638,11,56
599,100.4557352279889,0.011959999999999128,11,57
2498,130.58199945170657,-0.0036000000000001365,11,58
11641,572.4123610679754,-0.01829999999999643,11,59
5627,-100.40679552325571,-0.020999999999997954,12,0
3878,-100.41378398994993,-0.014699999999996294,12,1
1047,200.82057951320564,-0.009399999999996567,12,2
178,200.79262953576205,-0.005000000000001137,12,3
6860,100.38583595761708,-0.012000000000000455,12,4
11722,-200.77865746515045,-0.009000000000000341,12,5
5232,100.39282150753337,-0.0030000000000001137,12,6
3787,50.1937911119299,0.0,12,7
7092,-250.98642064769194,0.00449999999999875,12,8
2225,150.59709203679716,0.0009999999999962485,12,9
2386,-251.00388756005287,0.006999999999999318,12,10
9076,100.40679552325571,0.006000000000000227,12,11
11275,500.9255005381519,-0.008480000000000132,12,12
19114,-400.5256925099232,-0.004989999999995121,12,13
1873,-151.60640059708186,-0.001979999999997517,12,14
3158,-49.20020295440253,0.0074999999999988635,12,15
6294,-240.00055375417162,0.01875999999999749,12,16
2346,-111.47827113600073,0.013879999999994654,12,17
8636,-89.38970136274094,0.01325999999999965,12,18
23292,-62.274750614044194,0.012020000000003962,12,19
1471,-400.8324806301644,0.014730000000002975,12,20
11624,1.004731901232958,0.01559000000000026,12,21
669,199.92772537147374,0.009199999999995613,12,22
13239,-200.9324572727067,0.0059799999999967214,12,23
3493,100.46972676303056,-0.001989999999997849,12,24
2934,401.80895424501983,-0.008979999999993993,12,25
4045,167.72212983884316,-0.014339999999995712,12,26
2958,-268.1638774255646,-0.013669999999999051,12,27
2844,0.0,-0.005000000000001137,12,28
3856,0.0,0.004669999999998709,12,29
2088,-100.44874092063338,0.007339999999999236,12,30
948,-200.91846573766503,0.006999999999999318,12,31
811,602.6714733149419,-0.0030000000000001137,12,32
1703,0.0,-0.009999999999999433,12,33
362,-301.30426665664345,-0.00799999999999841,12,34
457,0.0,-0.0030000000000001137,12,35
4036,-703.2881009934044,0.02299999999999898,12,36
2898,301.45116757207546,0.020999999999997954,12,37
915,-100.47672399426943,0.013999999999995794,12,38
857,-150.7282079309391,0.010999999999998523,12,39
1826,50.244485731099076,0.0005000000000023874,12,40
2249,200.96044619410947,0.0010000000000019327,12,41
1021,-50.23748728394395,-0.003499999999999659,12,42
9625,150.7072140469745,-0.008500000000000797,12,43
89146,-100.46972676303056,-0.005000000000001137,12,44
45799,0.0,-0.0004999999999995453,12,45
17418,-200.96044619410947,0.004000000000002046,12,46
54691,200.96044619410947,0.003999999999999205,12,47
3780,-200.96044619410947,0.004000000000002046,12,48
7971,0.0,0.004000000000002046,12,49
1357,301.43017295714003,-0.003999999999999205,12,50
1482,150.69147247182002,-0.008000000000001251,12,51
585,50.22699326584501,-0.014500000000003866,12,52
707,100.44874092063338,-0.014000000000001478,12,53
7458,100.44174758672142,-0.009499999999997046,12,54
2070,0.0,-0.006999999999993634,12,55
762,287.2248050058701,-0.010719999999997754,12,56
4067,-287.2248050058701,-0.004859999999999332,12,57
1079,113.49075986899493,-0.002260000000001128,12,58
2093,187.79253263012663,-0.004269999999999641,12,59
1260,101.4178865359483,-0.00530000000000257,13,0
3367,-200.83441762963616,-0.006900000000004525,13,1
5767,299.2330772402241,-0.006730000000001724,13,2
1244,302.18249886004855,-0.010980000000000701,13,3
2813,-100.38583595761708,-0.01196999999999946,13,4
1815,301.1365551151002,-0.017990000000003194,13,5
4798,100.36488514142405,-0.014020000000002142,13,6
2169,-10.036174323602154,-0.009799999999998477,13,7
3032,-140.51377181623081,-0.00589999999999975,13,8
437,200.729770526209,-0.0014999999999986359,13,9
1028,-51.183438676716264,-0.0005799999999993588,13,10
8070,-49.17795551317994,-0.0006900000000001683,13,11
587,50.181569803520176,-0.001999999999998181,13,12
12659,401.3897336561101,-0.00700999999999965,13,13
1728,101.33325117234193,-0.014539999999996667,13,14
6770,115.37077927670225,-0.018329999999997428,13,15
1463,-166.53816501666086,-0.01115999999999815,13,16
2969,29.09540269335764,-0.0010700000000014142,13,17
1093,-279.9421755135256,0.007389999999995212,13,18
874,0.0,0.010819999999995389,13,19
5572,-200.70882626832542,0.011789999999996326,13,20
4172,-201.74050686172507,0.015600000000003434,13,21
1451,-249.95647089376405,0.017010000000001923,13,22
2329,-51.20124750312982,0.01851999999999805,13,23
735,-300.216424046873,0.018999999999999774,13,24
4735,-301.28329249912156,0.02148000000000252,13,25
29485,200.86251906992203,0.014990000000005922,13,26
958,-100.42776384189267,0.010980000000000701,13,27
1996,-100.43475522802936,0.004999999999998295,13,28
4114,-702.2342553355543,0.015979999999998995,13,29
819,-201.99331477854798,0.029989999999997963,13,30
9024,-112.56575990525874,0.031239999999996826,13,31
3232,12.061037240940209,0.02312999999999761,13,32
281,-99.50657285706654,0.009000000000000341,13,33
1004,-102.52910240904356,0.006890000000001351,13,34
457,91.47239286821929,0.003970000000001051,13,35
4207,211.06800506220935,-0.001890000000003056,13,36
120147,158.7831924885208,-0.010149999999998728,13,37
2133,293.40143459144485,-0.01869999999999834,13,38
1178,-50.235737973913785,-0.01670000000000016,13,40
10796,-301.45116757207546,-0.004419999999998936,13,41
6712,-241.20629379797975,0.00945999999999856,13,42
3605,-60.30787516930758,0.01839999999999975,13,43
4219,-201.04445975732688,0.019000000000002615,13,44
2273,-101.53809968915795,0.014620000000002166,13,45
2094,51.27260690951374,0.009210000000001628,13,46
3743,251.30995253697108,0.0004999999999995453,13,47
1085,301.51416896728733,-0.01301000000000272,13,48
907,0.0,-0.0175200000000018,13,49
2667,0.0,-0.014000000000001478,13,50
2863,400.9162317002435,-0.013979999999997973,13,51
1877,-34.15894585856449,-0.011289999999996782,13,52
2209,236.08207423109207,-0.01564999999999941,13,53
1964,-301.3881925006956,-0.008010000000001584,13,54
560,147.68808142662238,-0.0003100000000046066,13,55
3952,253.14439920354204,-0.005150000000000432,13,56
2151,-199.9000233574577,-0.0019900000000006913,13,58
15777,-200.9324572727067,-0.0005300000000005412,13,59
39146,100.46972676303056,0.004930000000001655,14,0
4088,101.46732248728085,0.0049600000000026515,14,1
7711,400.77638698576834,-0.010009999999996922,14,2
1277,60.25749720972584,-0.01820000000000164,14,3
1505,140.59104006136636,-0.018590000000000374,14,4
4490,170.69927458734924,-0.017380000000002838,14,5
1831,130.52111295408508,-0.013099999999997182,14,6
4215,-100.39980802822868,-0.009799999999998477,14,7
774,164.65201857940315,-0.0075800000000015196,14,8
3707,6.023498030138796,-0.004639999999997713,14,9
5813,-434.76036870249146,0.00555999999999699,14,10
682,63.264272579743874,0.008270000000001687,14,11
1370,100.41378398994993,0.008979999999999677,14,12
5224,-190.79216552331246,0.007569999999998345,14,13
686,-10.042391895837,0.0016400000000004412,14,14
275,-100.42776384189267,0.005999999999997386,14,15
2141,263.1059066384722,0.00186000000000206,14,16
14115,-142.59342890898807,-0.0018200000000007323,14,17
1567,-20.084713887591477,-0.0012000000000000456,14,18
1089,301.2413529424052,-0.0063799999999986316,14,19
832,158.62849539871604,-0.008720000000002415,14,20
1365,242.9288214758074,-0.01817999999999813,14,21
1590,-200.7646873387614,-0.014000000000001478,14,22
847,100.38583595761708,-0.00641999999999996,14,23
3179,133.50233973685732,-0.004500000000001592,14,24
2192,-198.75233855248808,0.0009699999999952524,14,25
4115,64.24617503153485,-0.0013299999999986769,14,26
3460,-300.1746417092832,0.007340000000002078,14,27
920,-50.202524263909254,0.012010000000003629,14,28
2304,352.38481284327605,0.0021700000000009823,14,29
1822,179.6730811571834,-0.006630000000001246,14,30
5400,220.7966035348008,-0.019299999999998364,14,31
13600,60.21139129419595,-0.020189999999996645,14,32
3429,-60.21139129419595,-0.010779999999996903,14,33
791,-29.103073304170834,-0.0038200000000017556,14,34
1638,-573.1490919389514,0.012889999999998736,14,35
14075,-359.4635847541383,0.026359999999999675,14,36
4964,-42.17757621649554,0.029290000000000305,14,37
3080,100.42077342919953,0.02142000000000337,14,38
6004,50.20776561437401,0.004419999999996094,14,39
636,214.86949593541027,-0.007940000000004943,14,41
1535,395.517168688464,-0.017800000000005412,14,42
1440,-58.21653385051917,-0.018080000000000495,14,43
4745,200.73675291776283,-0.01835999999999558,14,44
3966,-52.188868901126284,-0.011099999999996158,14,45
1033,152.546772380191,-0.00631999999999664,14,46
1309,-147.5285298715434,-0.004059999999998354,14,47
3456,47.17062639247871,-4.999999999881766e-05,14,48
507,-58.21078295387139,0.0011199999999973898,14,49
7498,158.5686864329361,0.00010999999999796729,14,50
344,-40.142323655345535,-0.003140000000001919,14,51
8873,190.66609038276283,-0.006180000000000518,14,52
11187,200.6739288820114,-0.011659999999997695,14,53
6373,250.80316473857778,-0.015899999999999182,14,54
1219,50.155401311258174,-0.01829999999999643,14,55
10903,-89.27782481737978,-0.011220000000000141,14,56
3957,19.059774746033042,-0.004210000000006176,14,57
2299,-204.6549553185173,0.005179999999998586,14,58
1443,284.90387641610937,0.0016500000000007732,14,59
42127,-160.50230623321227,0.0004200000000025739,15,0
8996,-401.333903663037,0.008359999999998992,15,1
921,-100.35092278926072,0.013119999999997845,15,2
5040,752.4618336178789,0.003199999999998227,15,3
8110,-752.4618336178789,0.003500000000002501,15,4
7829,-301.09465639682753,0.008000000000004092,15,6
2031,-351.35653948437096,0.023500000000001367,15,7
1584,-50.200777390152496,0.03550000000000182,15,8
10381,-200.82057951320564,0.021999999999999888,15,9
1033,100.41378398994993,0.01249999999999716,15,10
3381,150.6075729134082,0.0009999999999990906,15,11
1799,350.3527855404087,-0.010479999999998314,15,12
11317,-500.9603584538169,-0.006990000000001828,15,13
7004,-401.6970764890715,0.009500000000002728,15,14
1998,163.70506123219997,0.016730000000001157,15,15
2999,-3.0128087944447657,0.017149999999998045,15,16
1100,140.59104006136636,0.00040000000000190995,15,17
6095,-301.28329249912156,-0.0013700000000000047,15,18
5655,300.2791193651433,-0.001120000000003074,15,19
1951,-6.025053489011611,-0.002649999999999864,15,20
840,-394.6958134628531,0.005069999999997777,15,21
1099,-36.16074104861866,0.00671000000000106,15,22
4556,136.60248863534008,0.010270000000005552,15,23
3640,0.0,0.004860000000002174,15,24
10085,502.1038720123272,-0.013360000000000129,15,25
1802,-163.6666648687779,-0.014460000000002539,15,26
56509,-17.070598723023522,-0.009770000000003165,15,27
6643,-522.2570969278806,0.00579999999999643,15,28
603,-100.4557352279889,0.021369999999996028,15,29
3993,197.89111567813933,0.014999999999994885,15,30
90844,-107.48063921273143,0.009629999999998518,15,31
26123,-190.87320697508403,0.0031000000000034333,15,32
35647,-200.9464507573,0.008970000000002188,15,33
8378,200.9464507573,0.009840000000002647,15,34
33147,-100.46972676303056,0.005799999999999273,15,35
20009,200.9324572727067,-0.003000000000002956,15,36
8438,-100.46273050967613,-0.004999999999998295,15,37
5182,652.8827337692888,-0.013999999999998637,15,38
2816,-47.198535544801246,-0.019559999999998468,15,39
4836,47.198535544801246,-0.017029999999996905,15,40
4932,251.0300924880582,-0.018000000000000682,15,41
2747,100.39980802822868,-0.009969999999998437,15,42
1162,200.77865746515045,-0.015439999999998122,15,43
4916,-301.1784654933791,-0.008000000000001251,15,44
10266,501.9291846508622,-0.009000000000003184,15,45
2655,0.0,-0.010000000000005116,15,46
6565,401.4176544782089,-0.017000000000001594,15,47
4406,100.33696431932526,-0.023999999999998068,15,48
6369,368.17687073043004,-0.02233999999999412,15,49
7269,-368.17687073043004,-0.014669999999995298,15,50
13854,-301.0318301770454,0.004000000000002046,15,51
9315,-301.09465639682753,0.018670000000000186,15,52
7910,301.09465639682753,0.01933999999999969,15,53
9326,-100.3579034790647,0.00799999999999841,15,54
18675,-401.50144025652423,0.007999999999995566,15,55
29835,-443.7890825190749,0.017839999999998215,15,56
6154,-359.54916661573577,0.034420000000000076,15,57
7708,-372.69999233924267,0.039420000000004056,15,58
9091,473.1417399259641,0.02129000000000474,15,59
22156,-1708.4614650340059,0.038159999999999174,16,0
48550,703.7291722555849,0.030289999999999397,9,31
45963,-603.1754143549506,0.03257999999999868,9,32
3108,-301.68230149740793,0.037000000000000456,9,33
3428,100.56777675782058,0.010999999999998523,9,34
4896,-201.14256441061684,0.021999999999997046,9,36
6210,-1106.7856629436435,0.030999999999994546,9,37
4649,541.4248920763143,0.02623999999999569,9,38
2350,263.59433276734734,0.015620000000001256,9,39
4753,-301.82957135505006,0.004000000000002046,9,40
7297,-603.8486481827476,0.0023800000000051115,9,41
2486,-503.40034736962025,0.03175999999999988,9,42
3056,201.3812176464569,0.034999999999999434,9,43
26926,352.34950496132456,0.014000000000001478,9,44
6278,0.0,-0.006499999999996931,9,46
7660,-352.34950496132456,-0.007499999999996021,9,47
7248,-604.2280030600366,0.015500000000000114,9,48
6445,-906.8167612173994,0.04650000000000035,9,49
6951,403.10004198751415,0.04399999999999693,9,50
6245,-503.89265326256094,0.03699999999999761,9,51
9188,-403.24087772436457,0.028999999999996362,9,52
4999,100.82078629292113,0.01699999999999875,9,53
2487,0.0,0.019000000000002615,9,54
4850,25.204095718045494,0.004500000000001592,9,55
3767,579.5727066360001,-0.01424999999999841,9,56
6820,201.53594233995875,-0.02200000000000273,9,57
3419,100.75741463655419,-0.02575000000000216,9,58
5043,-403.07188664456817,-0.012500000000002842,9,59
5307,251.9331257406776,-2.842170943040401e-15,10,0
16075,352.6324820262161,-0.004500000000001592,10,1
5413,-503.7870780988385,0.0,10,2
28472,-100.77852966805523,0.001500000000001478,10,3
4223,-56.439051759227254,0.01212000000000444,10,4
5909,-447.55922092676315,0.023560000000003356,10,5
2512,201.62043787941286,0.012999999999999547,10,6
1809,1007.6797510238932,-0.01156000000000006,10,7
594,-186.36770140201264,-0.023420000000004396,10,8
4329,-16.119418868143498,-0.02813000000000443,10,9
2014,444.2255660244143,-0.022790000000000532,10,10
2989,-40.286928162380775,-0.008250000000001024,10,11
14639,-378.7521250275816,-0.0041899999999998275,10,12
7977,-427.2227791135563,0.01214000000000226,10,13
2675,-201.5640996475554,0.028800000000003934,10,14
682,100.78556997950017,0.024240000000003193,10,15
4706,604.5656077668937,-0.0005200000000002092,10,16
409,-906.9434425734712,0.0009999999999962485,10,17
4110,-490.9950034788224,0.016739999999995803,10,18
359,390.1883066630418,0.021869999999998415,10,19
1998,-461.7846992278629,0.030160000000000766,10,20
5610,-223.88770304271333,0.016310000000001424,10,21
9449,-524.5576925148043,0.02306000000000097,10,22
6607,252.21500403205255,0.02642000000000451,10,23
4406,-353.1133529133257,0.01954000000000349,10,25
1411,100.89834888127314,0.011400000000000432,10,26
3630,403.5228446390704,-0.005500000000000682,10,27
783,-302.631551833521,-0.0020000000000038654,10,28
2927,-60.5339290089546,-0.0038000000000010916,10,29
2456,-141.25571267786796,0.005600000000004002,10,30
4713,187.66528543423533,0.008279999999999177,10,31
1125,-399.57478999941287,0.007739999999998304,10,32
4761,-1100.4115831276806,0.03089999999999975,10,33
1403,-861.7335917699975,0.0579199999999986,10,34
8653,-349.6893719887595,0.07313000000000329,10,35
8231,907.3998875344103,0.03981000000000279,10,36
2519,-101.01852408173073,0.0025000000000005686,10,37
10628,102.0286736022058,-0.01903999999999826,10,38
1039,-101.01845334720139,-0.01599000000000217,10,39
7273,227.28157390616843,-0.0025300000000044068,10,42
178,74.74256039419203,-0.007250000000001933,10,43
7165,404.95654323891017,-0.014990000000000238,10,46
3081,302.8856949907066,-0.024749999999997385,10,47
1189,-605.8349924789042,-0.010509999999996467,10,48
67510,1377.9058171454749,-0.02632000000000119,11,5
17974,640.5555696664678,-0.041650000000004184,11,6
2325,-40.34156481669271,-0.047200000000000845,11,7
4301,635.2486522649415,-0.05775000000000148,11,9
4568,-226.84241007908668,-0.025899999999998615,11,10
9115,9.074381253526553,-0.011529999999999064,11,11
3427,-477.99508585022465,0.0033600000000006958,11,12
2088,403.381811906911,0.01045000000000016,11,13
755,100.82783251164074,3.999999999848569e-05,11,14
994,-504.20964441855176,0.004480000000000928,11,15
2368,201.70500429728122,0.0,11,16
2074,604.9458642936045,-0.004999999999998295,11,17
3018,-403.2690566839747,-0.00600000000000307,11,18
390,-302.52578467937496,-0.0040000000000048885,11,19
728,-302.5892360986049,0.014999999999997727,11,20
1087,100.87013049986382,0.02400000000000091,11,21
2594,-908.0851695424385,0.030000000000003982,11,22
2519,-100.93364406671412,0.03200000000000216,11,23
1064,302.779750152915,0.021999999999999888,11,24
4392,-807.5539202687664,0.028000000000000115,11,25
4013,-403.9465351572957,0.025,11,26
4587,403.9465351572957,0.02200000000000273,11,27
1171,200.92127795034997,0.01202000000000112,11,28
2306,38.36369559806485,-0.010729999999998087,11,29
4922,-441.2441032801695,-0.006370000000001142,11,30
6508,504.8448247224613,-0.0020100000000013553,11,31
6081,201.88847512514485,-0.0066500000000019105,11,32
578,-302.84330815977256,-0.0062600000000031745,11,33
7899,-1009.9370667155938,0.012999999999999547,11,34
909,838.2976359317951,0.01839999999999691,11,35
6387,-333.2407286604777,0.017700000000002093,11,36
16213,201.97326658877301,0.0010000000000019327,11,37
1081,37.361955148362824,-0.013439999999999942,11,38
6529,-345.3825068913119,0.006330000000002656,11,39
2031,-195.95549273532242,0.009030000000001337,11,40
2628,-102.02860216157461,0.017360000000002176,11,41
3141,-606.259306114687,0.027690000000001193,11,42
350,-303.2252172632255,0.030909999999997242,11,43
6711,202.15722598582175,0.025019999999997822,11,44
5857,-505.4461884332895,0.025,11,45
2101,405.3819021176963,0.006980000000001496,11,46
654,504.29377646121765,-0.011009999999998854,11,47
3008,-39.40739252161762,-0.01622000000000128,11,48
1096,-161.6826215276035,-0.018620000000001368,11,49
5922,-961.3751801467174,0.015010000000000901,11,50
7724,-792.0234974152506,0.0497700000000009,11,51
3387,-472.5889158194718,0.06456000000000302,11,52
9887,404.7965910096707,0.048519999999996344,11,53
751,-238.81625104849036,0.022389999999998623,11,54
2965,14.168168804395975,0.0041400000000038515,11,55
1766,22.263984151393856,-0.0017799999999994045,11,56
3644,505.9070223625284,-0.0063600000000008095,11,57
2001,768.6390675036847,-0.031140000000004876,11,58
1583,-197.17754946046995,-0.03434000000000594,11,59
1215,-65.73183891056544,-0.02564999999999884,12,0
2077,202.24224339404628,-0.011399999999997591,12,1
1001,-201.2309616512553,0.0038300000000020874,12,2
3239,772.4121713916787,-0.014009999999998968,12,3
1321,85.91035041671802,-0.02265000000000157,12,4
1862,-90.96405976105615,-0.0196899999999971,12,5
3748,444.6586692283816,-0.023929999999998588,12,6
4596,462.70372267631643,-0.021359999999995695,12,7
1291,344.4057656931676,-0.031960000000000835,12,8
1153,303.93796037220255,-0.03879000000000019,12,9
1469,-78.75518557565186,-0.026860000000002063,12,10
652,-426.16031353759354,-0.005070000000003461,12,11
1836,302.9705042578712,0.00297999999999945,12,12
1037,-302.9705042578712,0.0112199999999973,12,13
2006,-101.0043085694079,0.010439999999999828,12,14
443,-101.01138046536562,0.008000000000001251,12,15
2022,-405.1266931099917,0.02002000000000237,12,16
1377,283.9037002599909,0.011410000000003606,12,17
1163,-586.0547666118875,0.017200000000002547,12,18
